<?xml version="1.0" ?>
<activity id="640109485438" type="matching" l2="es" l1="ar" version="1" n_voices="4">
   <course_name>spanish</course_name>
   <title_prefix>مُطابَقة الكلمات</title_prefix>
   <title>Vocabulario general</title>
   <theme>Vocabulario general</theme>
   <description>اختر المعنى الصحيح.</description>
   <words>
      <word id="8a6a09868e82d37c6ea0a8b6d1df3fb3" source="dar" target="يُعطِي" part_of_speech="verbo" audio_id="135102023737"/>
      <word id="e4732c5e014018f0f64e4923b8aeb628" source="durar" target="يستمرُّ" part_of_speech="verbo" audio_id="198123275949"/>
      <word id="cb9957a6d659984e22f3331a22355218" source="el estudio de televisión" target="الإستوديو التلفزيونيُّ" part_of_speech="locución sustantiva" audio_id="495145937512"/>
      <word id="92deee0d34838cc2d58521c02cc13367" source="el karaoke" target="الكاريوكي" part_of_speech="sustantivo" audio_id="813149027076"/>
      <word id="3307cefe3eb05171376a070c9ef766af" source="encantar" target="يُعجَب بـ" part_of_speech="verbo" audio_id="163137249109"/>
      <word id="5be2fab39bac9eff680f23d23ff0ca05" source="entrar" target="يدخل" part_of_speech="verbo" audio_id="204159570937"/>
      <word id="a4f0b9f29a2ce4e9e5d909dfa58d921f" source="estudio de televisión" target="إستوديو تلفزيونيٌّ" part_of_speech="locución sustantiva" audio_id="970148383834"/>
      <word id="5dd961372621211d3d2d7d3d90abb19d" source="genial" target="ممتاز" part_of_speech="adjetivo" audio_id="472170983758"/>
      <word id="4b45cf3a9d03bacdab21505ca53fa6f3" source="interesante" target="مثير للاهتمام/شيِّق" part_of_speech="adjetivo" audio_id="986105104395"/>
      <word id="da96effb597a1ed471651c59997aeefb" source="karaoke" target="كاريوكي" part_of_speech="sustantivo" audio_id="580171965619"/>
      <word id="53ef81b7ccaba19a62894950c599cea2" source="la novela" target="الرواية" part_of_speech="sustantivo" audio_id="187147468967"/>
      <word id="1873b9e9a86cf0ad5f53a00ff555281d" source="la película de acción" target="فيلم الأكشن" part_of_speech="locución sustantiva" audio_id="234163571272"/>
      <word id="d7599d245e9e32fefc4f29a097768461" source="la puerta" target="الباب" part_of_speech="sustantivo" audio_id="176142053037"/>
      <word id="f779d51d19d63e3377a327065d72e2e8" source="novela" target="رواية" part_of_speech="sustantivo" audio_id="869146151791"/>
      <word id="fd170cffc4cba458f3c2a62460887f8b" source="pasar miedo" target="يخاف" part_of_speech="locución verba" audio_id="240151829651"/>
      <word id="b23199e0907590592db52db35ad0d294" source="película de acción" target="فيلم أكشن" part_of_speech="locución sustantiva" audio_id="325156219467"/>
      <word id="8a41d98bd832f97fd6bf38652545ab03" source="puerta" target="باب" part_of_speech="sustantivo" audio_id="272154135317"/>
      <word id="a5c4639a08c4b4c106d1c0a781363789" source="ver" target="يُشاهِد" part_of_speech="verbo" audio_id="153191701465"/>
   </words>
</activity>
