<?xml version="1.0" ?>
<activity id="102168524915" type="matching" l2="es" l1="ar" version="1" n_voices="4">
   <course_name>spanish</course_name>
   <title_prefix>مُطابَقة الكلمات</title_prefix>
   <title>Salud y emociones</title>
   <theme>Salud y emociones</theme>
   <description>اختر المعنى الصحيح.</description>
   <words>
      <word id="9ee3cf8410453ade5561689d84762b1c" source="encontrarse" target="يُوحِي بشعور" part_of_speech="verbo" audio_id="154181063617"/>
      <word id="7774ac912d49d67f4109639f3cdf4ff2" source="estar cansado" target="يشعر بالتعب" part_of_speech="locución verba" audio_id="820162958646"/>
      <word id="8276927ad9dc0e04b37f7c6ef34c530f" source="estar contento" target="يشعر بالسعادة" part_of_speech="locución verba" audio_id="808198065407"/>
      <word id="05a24861b8c4a644c44ca6924fa904e9" source="estar enfermo" target="يكون مريضًا" part_of_speech="locución verba" audio_id="869105196236"/>
      <word id="454e54e9a9c2fbd9addea50d952d0725" source="estar nervioso" target="يشعر بالتوتُّر" part_of_speech="locución verba" audio_id="946101313686"/>
      <word id="84c46360e95f5534acddc0eafd85a4e9" source="estar preocupado" target="ينتابه القلق" part_of_speech="locución verba" audio_id="892152935949"/>
      <word id="221ff365e9d23273c6932e8e4904785f" source="estar resfriado" target="يُصاب بالبرد" part_of_speech="locución verba" audio_id="265195935097"/>
      <word id="fc06d1f96b9b1c622aeb2f11c4c4e7dd" source="estar triste" target="يشعر بالحزن" part_of_speech="locución verba" audio_id="695102595258"/>
      <word id="cd00e94a8f8d2c05e2621f916ccbcff8" source="sentirse" target="يشعر" part_of_speech="verbo" audio_id="924182173818"/>
      <word id="3091ac1f5dfdd2155a3ac67aecc52e9b" source="tener calor" target="يشعر بالحرارة" part_of_speech="locución verba" audio_id="287132184920"/>
      <word id="14a2d80c892d94a450b1501fcce8f80e" source="tener fiebre" target="يُصاب بالحُمَّى" part_of_speech="locución verba" audio_id="626163481918"/>
      <word id="c490484b3d598791a422874a6b31d1aa" source="tener frío" target="يشعر بالبرد" part_of_speech="locución verba" audio_id="386105060398"/>
      <word id="12baba9d6018aff870d534fa5f7c48fc" source="tener gripe" target="يُصاب بالإنفلونزا" part_of_speech="locución verba" audio_id="407124212421"/>
      <word id="3c578f02089394622f613700b8f904f9" source="tener hambre" target="يشعر بالجوع" part_of_speech="locución verba" audio_id="830173632496"/>
      <word id="e9a808170a960dc497b1603821fbdc9b" source="tener sed" target="يشعر بالعطش" part_of_speech="locución verba" audio_id="575179898231"/>
      <word id="dea71468871f287a1e7014abb9407ba8" source="tener sueño" target="يشعر بالنعاس" part_of_speech="locución verba" audio_id="625140849237"/>
   </words>
</activity>
