<?xml version="1.0" ?>
<activity id="725140212580" type="spelling" l2="es" l1="ar" version="1" n_voices="4">
   <course_name>spanish</course_name>
   <title_prefix>هجاء الكلمات</title_prefix>
   <title>Partes del cuerpo</title>
   <theme>Partes del cuerpo</theme>
   <description>استمع ثم اكتب الكلمة.</description>
   <words>
      <word id="5ae12c898bf6f7d6356071e4b0a5a5e9" audio_id="936198365972">boca</word>
      <word id="e4d2f9fa3bb29b70f74a9bc4623fe6ef" audio_id="925129136962">brazo</word>
      <word id="18b5679b1d84fc09b509a232537a37a9" audio_id="969175602082">cabeza</word>
      <word id="ded11a04b9076ee8bc85de541b889738" audio_id="426161414353">cara</word>
      <word id="cf4abace017bc9a4f8cc16a42cc72997" audio_id="925154949270">cuello</word>
      <word id="57a4eea47f9f96a69b24a48486485f4e" audio_id="732172646380">cuerpo</word>
      <word id="fe2d9a28531552d677ace0325f4e2d2a" audio_id="949142310407">dedo</word>
      <word id="80107d4d85ffabd04873051f4902733c" audio_id="295183939292">diente</word>
      <word id="3b4591a76f82a872c8ecedebbc983092" audio_id="806152070313">dolor de cabeza</word>
      <word id="c93766d0aaf5e61ba036075e0075fdb0" audio_id="693146184568">espalda</word>
      <word id="b924be88b60f9f3f629a805fd35ca83f" audio_id="694120143184">estómago</word>
      <word id="0cacfb748cd16cd080731a7c2949ac3d" audio_id="208107836503">garganta</word>
      <word id="7617601e1f5656b304fb7e261f035556" audio_id="867142949635">hombro</word>
      <word id="58ed10e859aecd10f99658807eb5080f" audio_id="468152704602">labio</word>
      <word id="bf01e3b42eb95427c276d4ddf2a8882c" audio_id="123124579863">lengua</word>
      <word id="d230e6497f9e3b1ba2bf449f61dcfc48" audio_id="964147262802">mano</word>
      <word id="551adac4da947754a0a045ec476e6c44" audio_id="186134740862">muela</word>
      <word id="2750cb55bb0f3ef6ec7db9d54b0706ad" audio_id="930193068635">nariz</word>
      <word id="892ad611125ccd999cef1b13c2376824" audio_id="514158712816">ojo</word>
      <word id="a3c30295dcf5c3ebf014779651b9e975" audio_id="570180892829">oreja</word>
      <word id="c8efe6c293ecd6fd6160f63f1e25af22" audio_id="787192141015">oído</word>
      <word id="e54d816d6d5eb10c861d2d240c37e7fb" audio_id="219194367958">pie</word>
      <word id="f5fc0f836c0b9b556de38393e2283962" audio_id="327159306851">pierna</word>
      <word id="8a40391d6e101d65dfd0cfe4b6e04a74" audio_id="969179018482">rodilla</word>
   </words>
</activity>
