<?xml version="1.0" ?>
<vocabulary session_id="107134525737" grade="11" country="eg" l1="ar" l2="es" session_index="11" session_title="El viernes" course_id="940190256794" term="2">
   <entry section_id="702171813608" section_title="Vocabulario general" section_index="3">
      <lemma_variations>
         <lemma part_of_speech="verb">encantar</lemma>
      </lemma_variations>
      <translations lang="en">
         <translation>to love</translation>
      </translations>
      <translations lang="ar">
         <translation>يُعجَب بـ</translation>
      </translations>
      <use>
         <example_sentence lang="en">I love chocolate</example_sentence>
         <example_sentence lang="es">Me encanta el chocolate</example_sentence>
      </use>
   </entry>
   <entry section_id="702171813608" section_title="Vocabulario general" section_index="3">
      <lemma_variations>
         <lemma part_of_speech="verb phrase">pasar miedo</lemma>
      </lemma_variations>
      <translations lang="en">
         <translation>to be scared</translation>
      </translations>
      <translations lang="ar">
         <translation>يخاف</translation>
      </translations>
      <use>
         <example_sentence lang="en">I am scared when I watch horror films</example_sentence>
         <example_sentence lang="es">Paso miedo cuando veo películas de terror</example_sentence>
      </use>
   </entry>
   <entry section_id="702171813608" section_title="Vocabulario general" section_index="3">
      <lemma_variations>
         <lemma part_of_speech="verb">durar</lemma>
      </lemma_variations>
      <translations lang="en">
         <translation>to last</translation>
      </translations>
      <translations lang="ar">
         <translation>يستمرُّ</translation>
      </translations>
      <use>
         <example_sentence lang="en">the film lasts two hours</example_sentence>
         <example_sentence lang="es">la película dura dos horas</example_sentence>
      </use>
   </entry>
   <entry section_id="702171813608" section_title="Vocabulario general" section_index="3">
      <lemma_variations>
         <lemma part_of_speech="verb">entrar</lemma>
      </lemma_variations>
      <translations lang="en">
         <translation>to enter/go in</translation>
      </translations>
      <translations lang="ar">
         <translation>يدخل</translation>
      </translations>
      <use>
         <example_sentence lang="en">We entered the bar at eight</example_sentence>
         <example_sentence lang="es">Entramos en el bar a las ocho</example_sentence>
      </use>
   </entry>
   <entry section_id="702171813608" section_title="Vocabulario general" section_index="3">
      <lemma_variations>
         <lemma part_of_speech="verb">dar</lemma>
      </lemma_variations>
      <translations lang="en">
         <translation>to give</translation>
      </translations>
      <translations lang="ar">
         <translation>يُعطِي</translation>
      </translations>
      <use>
         <example_sentence lang="en">Give me the backpack</example_sentence>
         <example_sentence lang="es">Dame la mochila</example_sentence>
      </use>
   </entry>
   <entry section_id="702171813608" section_title="Vocabulario general" section_index="3">
      <lemma_variations>
         <lemma part_of_speech="verb">ver</lemma>
      </lemma_variations>
      <translations lang="en">
         <translation>to see/to watch</translation>
      </translations>
      <translations lang="ar">
         <translation>يُشاهِد</translation>
      </translations>
      <use>
         <example_sentence lang="en">We are going to watch a new episode</example_sentence>
         <example_sentence lang="es">Vamos a ver un episodio nuevo</example_sentence>
      </use>
   </entry>
   <entry section_id="653154197473" section_title="Expresiones de tiempo y preguntas" section_index="2">
      <lemma_variations>
         <lemma part_of_speech="adverb">ayer</lemma>
      </lemma_variations>
      <translations lang="en">
         <translation>yesterday</translation>
      </translations>
      <translations lang="ar">
         <translation>أمس</translation>
      </translations>
      <use>
         <example_sentence lang="en">Yesterday we went to the cinema</example_sentence>
         <example_sentence lang="es">Ayer fuimos al cine</example_sentence>
      </use>
   </entry>
   <entry section_id="653154197473" section_title="Expresiones de tiempo y preguntas" section_index="2">
      <lemma_variations>
         <lemma part_of_speech="adverb">anoche</lemma>
      </lemma_variations>
      <translations lang="en">
         <translation>last night</translation>
      </translations>
      <translations lang="ar">
         <translation>الليلة الماضية</translation>
         <translation_with_article>الليلة الماضية</translation_with_article>
      </translations>
      <use>
         <example_sentence lang="en">Last night we went to the cinema</example_sentence>
         <example_sentence lang="es">Anoche fuimos al cine</example_sentence>
      </use>
   </entry>
   <entry section_id="653154197473" section_title="Expresiones de tiempo y preguntas" section_index="2">
      <lemma_variations>
         <lemma part_of_speech="expression">la semana pasada</lemma>
      </lemma_variations>
      <translations lang="en">
         <translation>last week</translation>
      </translations>
      <translations lang="ar">
         <translation>الأسبوع الماضي</translation>
         <translation_with_article>الأسبوع الماضي</translation_with_article>
      </translations>
      <use>
         <example_sentence lang="en">Last week we went to the cinema</example_sentence>
         <example_sentence lang="es">La semana pasada fuimos al cine</example_sentence>
      </use>
   </entry>
   <entry section_id="653154197473" section_title="Expresiones de tiempo y preguntas" section_index="2">
      <lemma_variations>
         <lemma part_of_speech="expression">el año pasado</lemma>
      </lemma_variations>
      <translations lang="en">
         <translation>last year</translation>
      </translations>
      <translations lang="ar">
         <translation>العام الماضي</translation>
         <translation_with_article>العام الماضي</translation_with_article>
      </translations>
      <use>
         <example_sentence lang="en">Last year we went to the cinema</example_sentence>
         <example_sentence lang="es">El año pasado fuimos al cine</example_sentence>
      </use>
   </entry>
   <entry section_id="653154197473" section_title="Expresiones de tiempo y preguntas" section_index="2">
      <lemma_variations>
         <lemma part_of_speech="expression">el mes pasado</lemma>
      </lemma_variations>
      <translations lang="en">
         <translation>last month</translation>
      </translations>
      <translations lang="ar">
         <translation>الشهر الماضي</translation>
         <translation_with_article>الشهر الماضي</translation_with_article>
      </translations>
      <use>
         <example_sentence lang="en">Last month we went to the cinema</example_sentence>
         <example_sentence lang="es">El mes pasado fuimos al cine</example_sentence>
      </use>
   </entry>
   <entry section_id="653154197473" section_title="Expresiones de tiempo y preguntas" section_index="2">
      <lemma_variations>
         <lemma part_of_speech="expression">hace un mes</lemma>
      </lemma_variations>
      <translations lang="en">
         <translation>a month ago</translation>
      </translations>
      <translations lang="ar">
         <translation>منذ شهر</translation>
      </translations>
      <use>
         <example_sentence lang="en">A month ago we went to the cinema</example_sentence>
         <example_sentence lang="es">Hace un mes fuimos al cine</example_sentence>
      </use>
   </entry>
   <entry section_id="653154197473" section_title="Expresiones de tiempo y preguntas" section_index="2">
      <lemma_variations>
         <lemma part_of_speech="expression">hace unos días</lemma>
      </lemma_variations>
      <translations lang="en">
         <translation>some days ago</translation>
      </translations>
      <translations lang="ar">
         <translation>منذ بضعة أيام</translation>
      </translations>
      <use>
         <example_sentence lang="en">Some days ago we went to the cinema</example_sentence>
         <example_sentence lang="es">Hace unos días fuimos al cine</example_sentence>
      </use>
   </entry>
   <entry section_id="653154197473" section_title="Expresiones de tiempo y preguntas" section_index="2">
      <lemma_variations>
         <lemma part_of_speech="noun phrase">la semana que viene</lemma>
      </lemma_variations>
      <translations lang="en">
         <translation>next week</translation>
      </translations>
      <translations lang="ar">
         <translation>الأسبوع القادم</translation>
         <translation_with_article>الأسبوع القادم</translation_with_article>
      </translations>
      <use>
         <example_sentence lang="en">Next week we are going to go to the cinema</example_sentence>
         <example_sentence lang="es">La semana que viene vamos a ir al cine</example_sentence>
      </use>
   </entry>
   <entry section_id="702171813608" section_title="Vocabulario general" section_index="3">
      <lemma_variations>
         <lemma part_of_speech="noun">karaoke</lemma>
         <lemma_with_article>el karaoke</lemma_with_article>
         <singular_masculine>karaoke</singular_masculine>
      </lemma_variations>
      <translations lang="en">
         <translation>karaoke</translation>
         <translation_with_article>the karaoke</translation_with_article>
      </translations>
      <translations lang="ar">
         <translation>كاريوكي</translation>
         <translation_with_article>الكاريوكي</translation_with_article>
      </translations>
      <use>
         <example_sentence lang="en">After dinner we went to sing karaoke</example_sentence>
         <example_sentence lang="es">Después de cenar fuimos a cnatar karaoke</example_sentence>
      </use>
   </entry>
   <entry section_id="702171813608" section_title="Vocabulario general" section_index="3">
      <lemma_variations>
         <lemma part_of_speech="noun">novela</lemma>
         <lemma_with_article>la novela</lemma_with_article>
         <singular_feminine>novela</singular_feminine>
         <plural_feminine>novelas</plural_feminine>
      </lemma_variations>
      <translations lang="en">
         <translation>novel</translation>
         <translation_with_article>the novel</translation_with_article>
      </translations>
      <translations lang="ar">
         <translation>رواية</translation>
         <translation_with_article>الرواية</translation_with_article>
      </translations>
      <use>
         <example_sentence lang="en">I like science-fiction films</example_sentence>
         <example_sentence lang="es">Me gustan las novelas de ciencia ficción</example_sentence>
      </use>
   </entry>
   <entry section_id="702171813608" section_title="Vocabulario general" section_index="3">
      <lemma_variations>
         <lemma part_of_speech="noun phrase">película de acción</lemma>
         <lemma_with_article>la película de acción</lemma_with_article>
      </lemma_variations>
      <translations lang="en">
         <translation>action film</translation>
         <translation_with_article>the action film</translation_with_article>
      </translations>
      <translations lang="ar">
         <translation>فيلم أكشن</translation>
         <translation_with_article>فيلم الأكشن</translation_with_article>
      </translations>
      <use>
         <example_sentence lang="en">We are going to watch an action film</example_sentence>
         <example_sentence lang="es">Vamos a ver una película de acción</example_sentence>
      </use>
   </entry>
   <entry section_id="702171813608" section_title="Vocabulario general" section_index="3">
      <lemma_variations>
         <lemma part_of_speech="noun">puerta</lemma>
         <lemma_with_article>la puerta</lemma_with_article>
         <singular_feminine>puerta</singular_feminine>
         <plural_feminine>puertas</plural_feminine>
      </lemma_variations>
      <translations lang="en">
         <translation>door</translation>
         <translation_with_article>the door</translation_with_article>
      </translations>
      <translations lang="ar">
         <translation>باب</translation>
         <translation_with_article>الباب</translation_with_article>
      </translations>
      <use>
         <example_sentence lang="en">The door is open</example_sentence>
         <example_sentence lang="es">La puerta está abierta</example_sentence>
      </use>
   </entry>
   <entry section_id="702171813608" section_title="Vocabulario general" section_index="3">
      <lemma_variations>
         <lemma part_of_speech="noun phrase">estudio de televisión</lemma>
         <lemma_with_article>el estudio de televisión</lemma_with_article>
      </lemma_variations>
      <translations lang="en">
         <translation>TV studio</translation>
         <translation_with_article>the TV studio</translation_with_article>
      </translations>
      <translations lang="ar">
         <translation>إستوديو تلفزيونيٌّ</translation>
         <translation_with_article>الإستوديو التلفزيونيُّ</translation_with_article>
      </translations>
      <use>
         <example_sentence lang="en">She works in a TV studio</example_sentence>
         <example_sentence lang="es">Trabaja en un estudio de televisión</example_sentence>
      </use>
   </entry>
   <entry section_id="702171813608" section_title="Vocabulario general" section_index="3">
      <lemma_variations>
         <lemma part_of_speech="adjective">genial</lemma>
         <singular_masculine>genial</singular_masculine>
         <singular_feminine>genial</singular_feminine>
         <plural_masculine>geniales</plural_masculine>
         <plural_feminine>geniales</plural_feminine>
      </lemma_variations>
      <translations lang="en">
         <translation>great</translation>
      </translations>
      <translations lang="ar">
         <translation>ممتاز</translation>
      </translations>
      <use>
         <example_sentence lang="en">She is a great teacher</example_sentence>
         <example_sentence lang="es">Es una profesora genial</example_sentence>
      </use>
   </entry>
   <entry section_id="702171813608" section_title="Vocabulario general" section_index="3">
      <lemma_variations>
         <lemma part_of_speech="adjective">interesante</lemma>
         <singular_masculine>interesante</singular_masculine>
         <singular_feminine>interesante</singular_feminine>
         <plural_masculine>interesantes</plural_masculine>
         <plural_feminine>interesantes</plural_feminine>
      </lemma_variations>
      <translations lang="en">
         <translation>interesting</translation>
      </translations>
      <translations lang="ar">
         <translation>مثير للاهتمام/شيِّق</translation>
      </translations>
      <use>
         <example_sentence lang="en">She is an interesting teacher</example_sentence>
         <example_sentence lang="es">Es una profesora interesante</example_sentence>
      </use>
   </entry>
   <entry section_id="653154197473" section_title="Expresiones de tiempo y preguntas" section_index="2">
      <lemma_variations>
         <lemma part_of_speech="adjective">último</lemma>
         <singular_masculine>último</singular_masculine>
         <singular_feminine>última</singular_feminine>
         <plural_masculine>últimos</plural_masculine>
         <plural_feminine>últimas</plural_feminine>
      </lemma_variations>
      <translations lang="en">
         <translation>last</translation>
      </translations>
      <translations lang="ar">
         <translation>آخِر</translation>
      </translations>
      <use>
         <example_sentence lang="en">It’s the last time I call you</example_sentence>
         <example_sentence lang="es">Es la última vez que te llamo</example_sentence>
      </use>
   </entry>
   <entry section_id="653154197473" section_title="Expresiones de tiempo y preguntas" section_index="2">
      <lemma_variations>
         <lemma part_of_speech="adverb">primero</lemma>
         <singular_masculine>primero</singular_masculine>
         <singular_feminine>primera</singular_feminine>
         <plural_masculine>primeros</plural_masculine>
         <plural_feminine>primeras</plural_feminine>
      </lemma_variations>
      <translations lang="en">
         <translation>first</translation>
      </translations>
      <translations lang="ar">
         <translation>أولًا</translation>
      </translations>
      <use>
         <example_sentence lang="en">First we are going to buy</example_sentence>
         <example_sentence lang="es">Primero vamos a comprar</example_sentence>
      </use>
   </entry>
   <entry section_id="653154197473" section_title="Expresiones de tiempo y preguntas" section_index="2">
      <lemma_variations>
         <lemma part_of_speech="adverb">después</lemma>
      </lemma_variations>
      <translations lang="en">
         <translation>then/later</translation>
      </translations>
      <translations lang="ar">
         <translation>بعد</translation>
      </translations>
      <use>
         <example_sentence lang="en">Then we are going to eat</example_sentence>
         <example_sentence lang="es">Después vamos a comer</example_sentence>
      </use>
   </entry>
   <entry section_id="653154197473" section_title="Expresiones de tiempo y preguntas" section_index="2">
      <lemma_variations>
         <lemma part_of_speech="adverb">luego</lemma>
      </lemma_variations>
      <translations lang="en">
         <translation>then/later</translation>
      </translations>
      <translations lang="ar">
         <translation>بعد ذلك</translation>
      </translations>
      <use>
         <example_sentence lang="en">Then we are going to eat</example_sentence>
         <example_sentence lang="es">Luego vamos a comer</example_sentence>
      </use>
   </entry>
   <entry section_id="653154197473" section_title="Expresiones de tiempo y preguntas" section_index="2">
      <lemma_variations>
         <lemma part_of_speech="adverb">por último</lemma>
      </lemma_variations>
      <translations lang="en">
         <translation>lastly</translation>
      </translations>
      <translations lang="ar">
         <translation>أخيرًا</translation>
      </translations>
      <use>
         <example_sentence lang="en">Lastly we are going to go to the cinema</example_sentence>
         <example_sentence lang="es">Por último vamos a ir al cine</example_sentence>
      </use>
   </entry>
</vocabulary>
