<?xml version="1.0" ?>
<vocabulary session_id="130148758496" grade="11" country="eg" l1="ar" l2="es" session_index="11" session_title="El viernes" course_id="940190256794" term="2">
   <entry section_id="649107691458" section_title="Vocabulario general" section_index="3">
      <lemma_variations>
         <lemma part_of_speech="verb">hacer</lemma>
      </lemma_variations>
      <translations lang="en">
         <translation>to do/to make</translation>
      </translations>
      <translations lang="ar">
         <translation>يفعل/يُعِدُّ</translation>
      </translations>
      <use>
         <example_sentence lang="en">I’m going to make the food</example_sentence>
         <example_sentence lang="es">Voy a hacer la comida</example_sentence>
      </use>
   </entry>
   <entry section_id="649107691458" section_title="Vocabulario general" section_index="3">
      <lemma_variations>
         <lemma part_of_speech="noun">vecino</lemma>
         <lemma_with_article>el vecino</lemma_with_article>
         <singular_masculine>vecino</singular_masculine>
         <singular_feminine>vecina</singular_feminine>
         <plural_masculine>vecinos</plural_masculine>
         <plural_feminine>vecinas</plural_feminine>
      </lemma_variations>
      <translations lang="en">
         <translation>neighbour</translation>
         <translation_with_article>the neighbour</translation_with_article>
      </translations>
      <translations lang="ar">
         <translation>جار</translation>
         <translation_with_article>الجار</translation_with_article>
      </translations>
      <use>
         <example_sentence lang="en">The neighbours always make noise</example_sentence>
         <example_sentence lang="es">Los vecinos siempre hacen ruido</example_sentence>
      </use>
   </entry>
   <entry section_id="649107691458" section_title="Vocabulario general" section_index="3">
      <lemma_variations>
         <lemma part_of_speech="noun phrase">guía turístico</lemma>
         <lemma_with_article>el guía turístico</lemma_with_article>
      </lemma_variations>
      <translations lang="en">
         <translation>tourist guide</translation>
         <translation_with_article>the tourist guide</translation_with_article>
      </translations>
      <translations lang="ar">
         <translation>مرشد سياحيٌّ</translation>
         <translation_with_article>المرشد السياحيُّ</translation_with_article>
      </translations>
      <use>
         <example_sentence lang="en">The tour guide was very nice</example_sentence>
         <example_sentence lang="es">El guía turístico fue muy simpático</example_sentence>
      </use>
   </entry>
   <entry section_id="649107691458" section_title="Vocabulario general" section_index="3">
      <lemma_variations>
         <lemma part_of_speech="noun phrase">presentador de televisión</lemma>
         <lemma_with_article>el presentador de televisión</lemma_with_article>
      </lemma_variations>
      <translations lang="en">
         <translation>TV host</translation>
         <translation_with_article>the TV host</translation_with_article>
      </translations>
      <translations lang="ar">
         <translation>مُقدِّم برامج</translation>
         <translation_with_article>مُقدِّم البرامج</translation_with_article>
      </translations>
      <use>
         <example_sentence lang="en">My grandfather was a TV host</example_sentence>
         <example_sentence lang="es">Mi abuelo era presentador de televisión</example_sentence>
      </use>
   </entry>
   <entry section_id="649107691458" section_title="Vocabulario general" section_index="3">
      <lemma_variations>
         <lemma part_of_speech="noun">visita</lemma>
         <lemma_with_article>la visita</lemma_with_article>
         <singular_feminine>visita</singular_feminine>
         <plural_feminine>visitas</plural_feminine>
      </lemma_variations>
      <translations lang="en">
         <translation>visit</translation>
         <translation_with_article>the visit</translation_with_article>
      </translations>
      <translations lang="ar">
         <translation>زيارة</translation>
         <translation_with_article>الزيارة</translation_with_article>
      </translations>
      <use>
         <example_sentence lang="en">Did you like the visit?</example_sentence>
         <example_sentence lang="es">¿Te gustó la visita?</example_sentence>
      </use>
   </entry>
   <entry section_id="649107691458" section_title="Vocabulario general" section_index="3">
      <lemma_variations>
         <lemma part_of_speech="noun">vacaciones</lemma>
         <lemma_with_article>las vacaciones</lemma_with_article>
         <plural_feminine>vacaciones</plural_feminine>
      </lemma_variations>
      <translations lang="en">
         <translation>holidays</translation>
         <translation_with_article>the holidays</translation_with_article>
      </translations>
      <translations lang="ar">
         <translation>عطلات</translation>
         <translation_with_article>العطلات</translation_with_article>
      </translations>
      <use>
         <example_sentence lang="en">We are going on holidays</example_sentence>
         <example_sentence lang="es">Nos vamos de vacaciones</example_sentence>
      </use>
   </entry>
   <entry section_id="649107691458" section_title="Vocabulario general" section_index="3">
      <lemma_variations>
         <lemma part_of_speech="noun">helado</lemma>
         <lemma_with_article>el helado</lemma_with_article>
         <singular_masculine>helado</singular_masculine>
         <plural_masculine>helados</plural_masculine>
      </lemma_variations>
      <translations lang="en">
         <translation>ice cream</translation>
         <translation_with_article>the ice cream</translation_with_article>
      </translations>
      <translations lang="ar">
         <translation>مُثلَّجات</translation>
         <translation_with_article>المُثلَّجات</translation_with_article>
      </translations>
      <use>
         <example_sentence lang="en">I want a strawberry ice cream</example_sentence>
         <example_sentence lang="es">Quiero un helado de fresa</example_sentence>
      </use>
   </entry>
   <entry section_id="649107691458" section_title="Vocabulario general" section_index="3">
      <lemma_variations>
         <lemma part_of_speech="noun phrase">zumo de fruta</lemma>
         <lemma_with_article>el zumo de fruta</lemma_with_article>
      </lemma_variations>
      <translations lang="en">
         <translation>fruit juice</translation>
         <translation_with_article>the fruit juice</translation_with_article>
      </translations>
      <translations lang="ar">
         <translation>عصير فواكه</translation>
         <translation_with_article>عصير الفواكه</translation_with_article>
      </translations>
      <use>
         <example_sentence lang="en">They sell fruit juices</example_sentence>
         <example_sentence lang="es">Venden zumos de frutas</example_sentence>
      </use>
   </entry>
   <entry section_id="649107691458" section_title="Vocabulario general" section_index="3">
      <lemma_variations>
         <lemma part_of_speech="adjective">divertido</lemma>
         <singular_masculine>divertido</singular_masculine>
         <singular_feminine>divertida</singular_feminine>
         <plural_masculine>divertidos</plural_masculine>
         <plural_feminine>divertidas</plural_feminine>
      </lemma_variations>
      <translations lang="en">
         <translation>fun</translation>
      </translations>
      <translations lang="ar">
         <translation>مَرِح</translation>
      </translations>
      <use>
         <example_sentence lang="en">She is a fun teacher</example_sentence>
         <example_sentence lang="es">Es una profesora divertida</example_sentence>
      </use>
   </entry>
   <entry section_id="649107691458" section_title="Vocabulario general" section_index="3">
      <lemma_variations>
         <lemma part_of_speech="adjective">bueno</lemma>
         <singular_masculine>bueno</singular_masculine>
         <singular_feminine>buena</singular_feminine>
         <plural_masculine>buenos</plural_masculine>
         <plural_feminine>buenas</plural_feminine>
      </lemma_variations>
      <translations lang="en">
         <translation>good</translation>
      </translations>
      <translations lang="ar">
         <translation>جيد</translation>
      </translations>
      <use>
         <example_sentence lang="en">She is a good teacher</example_sentence>
         <example_sentence lang="es">Es una profesora buena</example_sentence>
      </use>
   </entry>
   <entry section_id="649107691458" section_title="Vocabulario general" section_index="3">
      <lemma_variations>
         <lemma part_of_speech="adverb">dentro</lemma>
      </lemma_variations>
      <translations lang="en">
         <translation>inside</translation>
      </translations>
      <translations lang="ar">
         <translation>داخل</translation>
      </translations>
      <use>
         <example_sentence lang="en">We are inside the restaurant</example_sentence>
         <example_sentence lang="es">Estamos dentro del restaurante</example_sentence>
      </use>
   </entry>
</vocabulary>
