<?xml version="1.0" ?>
<vocabulary session_id="486132374540" grade="11" country="eg" l1="ar" l2="es" session_index="13" session_title="¿Qué has hecho hoy?" course_id="940190256794" term="2">
   <entry section_id="327124986381" section_title="Vocabulario general" section_index="1">
      <lemma_variations>
         <lemma part_of_speech="verb">hacer</lemma>
      </lemma_variations>
      <translations lang="en">
         <translation>to do/ to make</translation>
      </translations>
      <translations lang="ar">
         <translation>يفعل/يُعِدُّ</translation>
      </translations>
      <use>
         <example_sentence lang="en">I need to make a list</example_sentence>
         <example_sentence lang="es">Tengo que hacer una lista</example_sentence>
      </use>
   </entry>
   <entry section_id="327124986381" section_title="Vocabulario general" section_index="1">
      <lemma_variations>
         <lemma part_of_speech="verb">decir</lemma>
      </lemma_variations>
      <translations lang="en">
         <translation>to say</translation>
      </translations>
      <translations lang="ar">
         <translation>يقول</translation>
      </translations>
      <use>
         <example_sentence lang="en">You always say the same</example_sentence>
         <example_sentence lang="es">Siempre dices lo mismo</example_sentence>
      </use>
   </entry>
   <entry section_id="327124986381" section_title="Vocabulario general" section_index="1">
      <lemma_variations>
         <lemma part_of_speech="noun">exposición</lemma>
         <lemma_with_article>la exposición</lemma_with_article>
         <singular_feminine>exposición</singular_feminine>
         <plural_feminine>exposiciones</plural_feminine>
      </lemma_variations>
      <translations lang="en">
         <translation>exhibition</translation>
         <translation_with_article>the exhibition</translation_with_article>
      </translations>
      <translations lang="ar">
         <translation>معرض</translation>
         <translation_with_article>المعرض</translation_with_article>
      </translations>
      <use>
         <example_sentence lang="en">Next week there is a Van Gogh exhibition</example_sentence>
         <example_sentence lang="es">la semana que viene hay una exposición de van Gogh</example_sentence>
      </use>
   </entry>
   <entry section_id="327124986381" section_title="Vocabulario general" section_index="1">
      <lemma_variations>
         <lemma part_of_speech="noun">cumpleaños</lemma>
         <lemma_with_article>el cumpleaños</lemma_with_article>
         <singular_masculine>cumpleaños</singular_masculine>
      </lemma_variations>
      <translations lang="en">
         <translation>birthday</translation>
         <translation_with_article>the birthday</translation_with_article>
      </translations>
      <translations lang="ar">
         <translation>عيد ميلاد</translation>
         <translation_with_article>عيد الميلاد</translation_with_article>
      </translations>
      <use>
         <example_sentence lang="en">My birthday is tomorrow</example_sentence>
         <example_sentence lang="es">Mi cumpleaños es mañana</example_sentence>
      </use>
   </entry>
   <entry section_id="327124986381" section_title="Vocabulario general" section_index="1">
      <lemma_variations>
         <lemma part_of_speech="expression">esta mañana</lemma>
      </lemma_variations>
      <translations lang="en">
         <translation>this morning</translation>
      </translations>
      <translations lang="ar">
         <translation>هذا الصباح</translation>
      </translations>
      <use>
         <example_sentence lang="en">This morning it was very cold</example_sentence>
         <example_sentence lang="es">Esta mañana hacía mucho frío</example_sentence>
      </use>
   </entry>
   <entry section_id="327124986381" section_title="Vocabulario general" section_index="1">
      <lemma_variations>
         <lemma part_of_speech="expression">esta semana</lemma>
      </lemma_variations>
      <translations lang="en">
         <translation>this week</translation>
      </translations>
      <translations lang="ar">
         <translation>هذا الأسبوع</translation>
      </translations>
      <use>
         <example_sentence lang="en">This week I will be very busy</example_sentence>
         <example_sentence lang="es">Esta semana estaré muy ocupada</example_sentence>
      </use>
   </entry>
   <entry section_id="327124986381" section_title="Vocabulario general" section_index="1">
      <lemma_variations>
         <lemma part_of_speech="expression">este fin de semana</lemma>
      </lemma_variations>
      <translations lang="en">
         <translation>this weekend</translation>
      </translations>
      <translations lang="ar">
         <translation>عطلة هذا الأسبوع</translation>
      </translations>
      <use>
         <example_sentence lang="en">This weekend we’re going on a trip</example_sentence>
         <example_sentence lang="es">Este fin de semana vamos de viaje</example_sentence>
      </use>
   </entry>
   <entry section_id="327124986381" section_title="Vocabulario general" section_index="1">
      <lemma_variations>
         <lemma part_of_speech="adverb">pronto</lemma>
      </lemma_variations>
      <translations lang="en">
         <translation>soon</translation>
      </translations>
      <translations lang="ar">
         <translation>قريبًا</translation>
      </translations>
      <use>
         <example_sentence lang="en">See you soon</example_sentence>
         <example_sentence lang="es">Nos vemos pronto</example_sentence>
      </use>
   </entry>
   <entry section_id="327124986381" section_title="Vocabulario general" section_index="1">
      <lemma_variations>
         <lemma part_of_speech="preposition">contra</lemma>
      </lemma_variations>
      <translations lang="en">
         <translation>against</translation>
      </translations>
      <translations lang="ar">
         <translation>ضد</translation>
      </translations>
      <use>
         <example_sentence lang="en">My team plays against yours</example_sentence>
         <example_sentence lang="es">Mi equipo juega contra el tuyo</example_sentence>
      </use>
   </entry>
   <entry section_id="327124986381" section_title="Vocabulario general" section_index="1">
      <lemma_variations>
         <lemma part_of_speech="adverb">ya</lemma>
      </lemma_variations>
      <translations lang="en">
         <translation>already</translation>
      </translations>
      <translations lang="ar">
         <translation>بالفعل</translation>
      </translations>
      <use>
         <example_sentence lang="en">I have already done my homework</example_sentence>
         <example_sentence lang="es">Ya he hecho los deberes</example_sentence>
      </use>
   </entry>
   <entry section_id="327124986381" section_title="Vocabulario general" section_index="1">
      <lemma_variations>
         <lemma part_of_speech="adverb phrase">aún no</lemma>
      </lemma_variations>
      <translations lang="en">
         <translation>not yet</translation>
      </translations>
      <translations lang="ar">
         <translation>ليس بعدُ</translation>
      </translations>
      <use>
         <example_sentence lang="en">I haven’t done my homework yet</example_sentence>
         <example_sentence lang="es">Aún no he hecho los deberes</example_sentence>
      </use>
   </entry>
   <entry section_id="327124986381" section_title="Vocabulario general" section_index="1">
      <lemma_variations>
         <lemma part_of_speech="adverb phrase">todavía no</lemma>
      </lemma_variations>
      <translations lang="en">
         <translation>not yet</translation>
      </translations>
      <translations lang="ar">
         <translation>ليس بعدُ</translation>
      </translations>
      <use>
         <example_sentence lang="en">I haven’t done my homework yet</example_sentence>
         <example_sentence lang="es">Todavía no he hecho los deberes</example_sentence>
      </use>
   </entry>
   <entry section_id="327124986381" section_title="Vocabulario general" section_index="1">
      <lemma_variations>
         <lemma part_of_speech="expression">casi nada</lemma>
      </lemma_variations>
      <translations lang="en">
         <translation>hardly anything</translation>
      </translations>
      <translations lang="ar">
         <translation>لا شيء تقريبًا</translation>
      </translations>
      <use>
         <example_sentence lang="en">The guests hardly ate anything</example_sentence>
         <example_sentence lang="es">Los invitados no comieron casi nada</example_sentence>
      </use>
   </entry>
</vocabulary>
