<?xml version="1.0" ?>
<vocabulary session_id="507131801963" grade="11" country="eg" l1="ar" l2="es" session_index="12" session_title="Hoy no voy a clase" course_id="940190256794" term="2">
   <entry section_id="769171418327" section_title="Salud y emociones" section_index="1">
      <lemma_variations>
         <lemma part_of_speech="verb">doler</lemma>
      </lemma_variations>
      <translations lang="en">
         <translation>to hurt</translation>
      </translations>
      <translations lang="ar">
         <translation>يُؤلِم</translation>
      </translations>
      <use>
         <example_sentence lang="en">My head hurts</example_sentence>
         <example_sentence lang="es">Me duele la cabeza</example_sentence>
      </use>
   </entry>
   <entry section_id="769171418327" section_title="Salud y emociones" section_index="1">
      <lemma_variations>
         <lemma part_of_speech="verb">parecer</lemma>
      </lemma_variations>
      <translations lang="en">
         <translation>to seem</translation>
      </translations>
      <translations lang="ar">
         <translation>يبدو</translation>
      </translations>
      <use>
         <example_sentence lang="en">You seem ill</example_sentence>
         <example_sentence lang="es">Pareces enfermo</example_sentence>
      </use>
   </entry>
   <entry section_id="769171418327" section_title="Salud y emociones" section_index="1">
      <lemma_variations>
         <lemma part_of_speech="verb">respirar</lemma>
      </lemma_variations>
      <translations lang="en">
         <translation>to breathe</translation>
      </translations>
      <translations lang="ar">
         <translation>يتنفَّس</translation>
      </translations>
      <use>
         <example_sentence lang="en">For her it is difficult to breathe</example_sentence>
         <example_sentence lang="es">Para ella es difícil respirar</example_sentence>
      </use>
   </entry>
   <entry section_id="769171418327" section_title="Salud y emociones" section_index="1">
      <lemma_variations>
         <lemma part_of_speech="verb phrase">respirar hondo</lemma>
      </lemma_variations>
      <translations lang="en">
         <translation>to take a deep breath</translation>
      </translations>
      <translations lang="ar">
         <translation>يأخذ نفسًا عميقًا</translation>
      </translations>
      <use>
         <example_sentence lang="en">Please, take a deep breath</example_sentence>
         <example_sentence lang="es">Por favor, respire hondo</example_sentence>
      </use>
   </entry>
   <entry section_id="769171418327" section_title="Salud y emociones" section_index="1">
      <lemma_variations>
         <lemma part_of_speech="verb">fumar</lemma>
      </lemma_variations>
      <translations lang="en">
         <translation>to smoke</translation>
      </translations>
      <translations lang="ar">
         <translation>يُدخِّن</translation>
      </translations>
      <use>
         <example_sentence lang="en">Smoking is not healthy</example_sentence>
         <example_sentence lang="es">Fumar no es sano</example_sentence>
      </use>
   </entry>
   <entry section_id="769171418327" section_title="Salud y emociones" section_index="1">
      <lemma_variations>
         <lemma part_of_speech="verb">saltar</lemma>
      </lemma_variations>
      <translations lang="en">
         <translation>to jump</translation>
      </translations>
      <translations lang="ar">
         <translation>يقفز</translation>
      </translations>
      <use>
         <example_sentence lang="en">My dog jumps very high</example_sentence>
         <example_sentence lang="es">Mi perro salta muy alto</example_sentence>
      </use>
   </entry>
   <entry section_id="769171418327" section_title="Salud y emociones" section_index="1">
      <lemma_variations>
         <lemma part_of_speech="verb">sacar</lemma>
      </lemma_variations>
      <translations lang="en">
         <translation>to take out</translation>
      </translations>
      <translations lang="ar">
         <translation>يُخرِج</translation>
      </translations>
      <use>
         <example_sentence lang="en">We take out the trash every day</example_sentence>
         <example_sentence lang="es">Sacamos la basura todos los días</example_sentence>
      </use>
   </entry>
   <entry section_id="536194346325" section_title="Partes del cuerpo" section_index="2">
      <lemma_variations>
         <lemma part_of_speech="noun">cuerpo</lemma>
         <lemma_with_article>el cuerpo</lemma_with_article>
         <singular_masculine>cuerpo</singular_masculine>
         <plural_masculine>cuerpos</plural_masculine>
      </lemma_variations>
      <translations lang="en">
         <translation>body</translation>
         <translation_with_article>the body</translation_with_article>
      </translations>
      <translations lang="ar">
         <translation>جسم</translation>
         <translation_with_article>الجسم</translation_with_article>
      </translations>
      <use>
         <example_sentence lang="en">My whole body hurts</example_sentence>
         <example_sentence lang="es">Me duele todo el cuerpo</example_sentence>
      </use>
   </entry>
   <entry section_id="306168630351" section_title="Vocabulario general" section_index="3">
      <lemma_variations>
         <lemma part_of_speech="noun">manta</lemma>
         <lemma_with_article>la manta</lemma_with_article>
         <singular_feminine>manta</singular_feminine>
         <plural_feminine>mantas</plural_feminine>
      </lemma_variations>
      <translations lang="en">
         <translation>blanket</translation>
         <translation_with_article>the blanket</translation_with_article>
      </translations>
      <translations lang="ar">
         <translation>بطانيَّة</translation>
         <translation_with_article>البطانيَّة</translation_with_article>
      </translations>
      <use>
         <example_sentence lang="en">I need a blanket because I am cold</example_sentence>
         <example_sentence lang="es">Necesito una manta porque tengo frío</example_sentence>
      </use>
   </entry>
   <entry section_id="536194346325" section_title="Partes del cuerpo" section_index="2">
      <lemma_variations>
         <lemma part_of_speech="noun phrase">dolor de cabeza</lemma>
         <lemma_with_article>el dolor de cabeza</lemma_with_article>
      </lemma_variations>
      <translations lang="en">
         <translation>headache</translation>
         <translation_with_article>the headache</translation_with_article>
      </translations>
      <translations lang="ar">
         <translation>صداع</translation>
         <translation_with_article>الصداع</translation_with_article>
      </translations>
      <use>
         <example_sentence lang="en">I have a headache</example_sentence>
         <example_sentence lang="es">Tengo dolor de cabeza</example_sentence>
      </use>
   </entry>
   <entry section_id="536194346325" section_title="Partes del cuerpo" section_index="2">
      <lemma_variations>
         <lemma part_of_speech="noun">cara</lemma>
         <lemma_with_article>la cara</lemma_with_article>
         <singular_feminine>cara</singular_feminine>
      </lemma_variations>
      <translations lang="en">
         <translation>face</translation>
         <translation_with_article>the face</translation_with_article>
      </translations>
      <translations lang="ar">
         <translation>وجه</translation>
         <translation_with_article>الوجه</translation_with_article>
      </translations>
      <use>
         <example_sentence lang="en">My face is cold</example_sentence>
         <example_sentence lang="es">Mi cara está fría</example_sentence>
      </use>
   </entry>
   <entry section_id="536194346325" section_title="Partes del cuerpo" section_index="2">
      <lemma_variations>
         <lemma part_of_speech="noun">cabeza</lemma>
         <lemma_with_article>la cabeza</lemma_with_article>
         <singular_feminine>cabeza</singular_feminine>
      </lemma_variations>
      <translations lang="en">
         <translation>head</translation>
         <translation_with_article>the head</translation_with_article>
      </translations>
      <translations lang="ar">
         <translation>رأس</translation>
         <translation_with_article>الرأس</translation_with_article>
      </translations>
      <use>
         <example_sentence lang="en">My head hurts</example_sentence>
         <example_sentence lang="es">Me duele la cabeza</example_sentence>
      </use>
   </entry>
   <entry section_id="536194346325" section_title="Partes del cuerpo" section_index="2">
      <lemma_variations>
         <lemma part_of_speech="noun">brazo</lemma>
         <lemma_with_article>el brazo</lemma_with_article>
         <singular_masculine>brazo</singular_masculine>
         <plural_masculine>brazos</plural_masculine>
      </lemma_variations>
      <translations lang="en">
         <translation>arm</translation>
         <translation_with_article>the arm</translation_with_article>
      </translations>
      <translations lang="ar">
         <translation>ذراع</translation>
         <translation_with_article>الذراع</translation_with_article>
      </translations>
      <use>
         <example_sentence lang="en">My arm hurts</example_sentence>
         <example_sentence lang="es">Me duele el brazo</example_sentence>
      </use>
   </entry>
   <entry section_id="536194346325" section_title="Partes del cuerpo" section_index="2">
      <lemma_variations>
         <lemma part_of_speech="noun">espalda</lemma>
         <lemma_with_article>la espalda</lemma_with_article>
         <singular_feminine>espalda</singular_feminine>
      </lemma_variations>
      <translations lang="en">
         <translation>back</translation>
         <translation_with_article>the back</translation_with_article>
      </translations>
      <translations lang="ar">
         <translation>ظَهر</translation>
         <translation_with_article>الظَّهر</translation_with_article>
      </translations>
      <use>
         <example_sentence lang="en">My back hurts</example_sentence>
         <example_sentence lang="es">Me duele la espalda</example_sentence>
      </use>
   </entry>
   <entry section_id="536194346325" section_title="Partes del cuerpo" section_index="2">
      <lemma_variations>
         <lemma part_of_speech="noun">mano</lemma>
         <lemma_with_article>la mano</lemma_with_article>
         <singular_feminine>mano</singular_feminine>
         <plural_feminine>manos</plural_feminine>
      </lemma_variations>
      <translations lang="en">
         <translation>hand</translation>
         <translation_with_article>the hand</translation_with_article>
      </translations>
      <translations lang="ar">
         <translation>يد</translation>
         <translation_with_article>اليد</translation_with_article>
      </translations>
      <use>
         <example_sentence lang="en">My hand hurts</example_sentence>
         <example_sentence lang="es">Me duele la mano</example_sentence>
      </use>
   </entry>
   <entry section_id="536194346325" section_title="Partes del cuerpo" section_index="2">
      <lemma_variations>
         <lemma part_of_speech="noun">dedo</lemma>
         <lemma_with_article>el dedo</lemma_with_article>
         <singular_masculine>dedo</singular_masculine>
         <plural_masculine>dedos</plural_masculine>
      </lemma_variations>
      <translations lang="en">
         <translation>finger</translation>
         <translation_with_article>the finger</translation_with_article>
      </translations>
      <translations lang="ar">
         <translation>إصبع</translation>
         <translation_with_article>الإصبع</translation_with_article>
      </translations>
      <use>
         <example_sentence lang="en">My finger hurts</example_sentence>
         <example_sentence lang="es">Me duele el dedo</example_sentence>
      </use>
   </entry>
   <entry section_id="536194346325" section_title="Partes del cuerpo" section_index="2">
      <lemma_variations>
         <lemma part_of_speech="noun">estómago</lemma>
         <lemma_with_article>el estómago</lemma_with_article>
         <singular_masculine>estómago</singular_masculine>
      </lemma_variations>
      <translations lang="en">
         <translation>stomach</translation>
         <translation_with_article>the stomach</translation_with_article>
      </translations>
      <translations lang="ar">
         <translation>معدة</translation>
         <translation_with_article>المعدة</translation_with_article>
      </translations>
      <use>
         <example_sentence lang="en">My stomach hurts</example_sentence>
         <example_sentence lang="es">Me duele el estómago</example_sentence>
      </use>
   </entry>
   <entry section_id="536194346325" section_title="Partes del cuerpo" section_index="2">
      <lemma_variations>
         <lemma part_of_speech="noun">pierna</lemma>
         <lemma_with_article>la pierna</lemma_with_article>
         <singular_feminine>pierna</singular_feminine>
         <plural_feminine>piernas</plural_feminine>
      </lemma_variations>
      <translations lang="en">
         <translation>leg</translation>
         <translation_with_article>the leg</translation_with_article>
      </translations>
      <translations lang="ar">
         <translation>رِجل</translation>
         <translation_with_article>الرِجل</translation_with_article>
      </translations>
      <use>
         <example_sentence lang="en">My legs hurt</example_sentence>
         <example_sentence lang="es">Me duelen las piernas</example_sentence>
      </use>
   </entry>
   <entry section_id="536194346325" section_title="Partes del cuerpo" section_index="2">
      <lemma_variations>
         <lemma part_of_speech="noun">pie</lemma>
         <lemma_with_article>el pie</lemma_with_article>
         <singular_masculine>pie</singular_masculine>
         <plural_masculine>pies</plural_masculine>
      </lemma_variations>
      <translations lang="en">
         <translation>foot</translation>
         <translation_with_article>the foot</translation_with_article>
      </translations>
      <translations lang="ar">
         <translation>قدم</translation>
         <translation_with_article>القدم</translation_with_article>
      </translations>
      <use>
         <example_sentence lang="en">My foot hurts</example_sentence>
         <example_sentence lang="es">Me duele el pie</example_sentence>
      </use>
   </entry>
   <entry section_id="536194346325" section_title="Partes del cuerpo" section_index="2">
      <lemma_variations>
         <lemma part_of_speech="noun">oreja</lemma>
         <lemma_with_article>la oreja</lemma_with_article>
         <singular_feminine>oreja</singular_feminine>
         <plural_feminine>orejas</plural_feminine>
      </lemma_variations>
      <translations lang="en">
         <translation>ear (outside)</translation>
         <translation_with_article>the ear (outside)</translation_with_article>
      </translations>
      <translations lang="ar">
         <translation>أذن</translation>
         <translation_with_article>الأذن</translation_with_article>
      </translations>
      <use>
         <example_sentence lang="en">My ear hurts</example_sentence>
         <example_sentence lang="es">Me duele la oreja</example_sentence>
      </use>
   </entry>
   <entry section_id="536194346325" section_title="Partes del cuerpo" section_index="2">
      <lemma_variations>
         <lemma part_of_speech="noun">oído</lemma>
         <lemma_with_article>el oído</lemma_with_article>
         <singular_masculine>oído</singular_masculine>
         <plural_masculine>oídos</plural_masculine>
      </lemma_variations>
      <translations lang="en">
         <translation>ear (inside)</translation>
         <translation_with_article>the ear (inside)</translation_with_article>
      </translations>
      <translations lang="ar">
         <translation>سمع</translation>
         <translation_with_article>السمع</translation_with_article>
      </translations>
      <use>
         <example_sentence lang="en">My ear hurts</example_sentence>
         <example_sentence lang="es">Me duele el oído</example_sentence>
      </use>
   </entry>
   <entry section_id="536194346325" section_title="Partes del cuerpo" section_index="2">
      <lemma_variations>
         <lemma part_of_speech="noun">diente</lemma>
         <lemma_with_article>el diente</lemma_with_article>
         <singular_masculine>diente</singular_masculine>
         <plural_masculine>dientes</plural_masculine>
      </lemma_variations>
      <translations lang="en">
         <translation>tooth</translation>
         <translation_with_article>the tooth</translation_with_article>
      </translations>
      <translations lang="ar">
         <translation>سنٌّ</translation>
         <translation_with_article>السنُّ</translation_with_article>
      </translations>
      <use>
         <example_sentence lang="en">My tooth hurts</example_sentence>
         <example_sentence lang="es">Me duele el diente</example_sentence>
      </use>
   </entry>
   <entry section_id="536194346325" section_title="Partes del cuerpo" section_index="2">
      <lemma_variations>
         <lemma part_of_speech="noun">ojo</lemma>
         <lemma_with_article>el ojo</lemma_with_article>
         <singular_masculine>ojo</singular_masculine>
         <plural_masculine>ojos</plural_masculine>
      </lemma_variations>
      <translations lang="en">
         <translation>eye</translation>
         <translation_with_article>the eye</translation_with_article>
      </translations>
      <translations lang="ar">
         <translation>عين</translation>
         <translation_with_article>العين</translation_with_article>
      </translations>
      <use>
         <example_sentence lang="en">My eyes hurt</example_sentence>
         <example_sentence lang="es">Me duelen los ojos</example_sentence>
      </use>
   </entry>
   <entry section_id="536194346325" section_title="Partes del cuerpo" section_index="2">
      <lemma_variations>
         <lemma part_of_speech="noun">garganta</lemma>
         <lemma_with_article>la garganta</lemma_with_article>
         <singular_feminine>garganta</singular_feminine>
      </lemma_variations>
      <translations lang="en">
         <translation>throat</translation>
         <translation_with_article>the throat</translation_with_article>
      </translations>
      <translations lang="ar">
         <translation>حَلْق</translation>
         <translation_with_article>الحَلْق</translation_with_article>
      </translations>
      <use>
         <example_sentence lang="en">My throat hurts</example_sentence>
         <example_sentence lang="es">me duele la garganta</example_sentence>
      </use>
   </entry>
   <entry section_id="536194346325" section_title="Partes del cuerpo" section_index="2">
      <lemma_variations>
         <lemma part_of_speech="noun">muela</lemma>
         <lemma_with_article>la muela</lemma_with_article>
         <singular_feminine>muela</singular_feminine>
         <plural_feminine>muelas</plural_feminine>
      </lemma_variations>
      <translations lang="en">
         <translation>backtooth</translation>
         <translation_with_article>the backtooth</translation_with_article>
      </translations>
      <translations lang="ar">
         <translation>ضرس</translation>
         <translation_with_article>الضرس</translation_with_article>
      </translations>
      <use>
         <example_sentence lang="en">My backtooth hurts</example_sentence>
         <example_sentence lang="es">Me duele la muela</example_sentence>
      </use>
   </entry>
   <entry section_id="536194346325" section_title="Partes del cuerpo" section_index="2">
      <lemma_variations>
         <lemma part_of_speech="noun">nariz</lemma>
         <lemma_with_article>la nariz</lemma_with_article>
         <singular_feminine>nariz</singular_feminine>
      </lemma_variations>
      <translations lang="en">
         <translation>nose</translation>
         <translation_with_article>the nose</translation_with_article>
      </translations>
      <translations lang="ar">
         <translation>أنف</translation>
         <translation_with_article>الأنف</translation_with_article>
      </translations>
      <use>
         <example_sentence lang="en">My nose hurts</example_sentence>
         <example_sentence lang="es">me duele la nariz</example_sentence>
      </use>
   </entry>
   <entry section_id="536194346325" section_title="Partes del cuerpo" section_index="2">
      <lemma_variations>
         <lemma part_of_speech="noun">boca</lemma>
         <lemma_with_article>la boca</lemma_with_article>
         <singular_feminine>boca</singular_feminine>
      </lemma_variations>
      <translations lang="en">
         <translation>mouth</translation>
         <translation_with_article>the mouth</translation_with_article>
      </translations>
      <translations lang="ar">
         <translation>فم</translation>
         <translation_with_article>الفم</translation_with_article>
      </translations>
      <use>
         <example_sentence lang="en">My mouth hurts</example_sentence>
         <example_sentence lang="es">Me duele la boca</example_sentence>
      </use>
   </entry>
   <entry section_id="536194346325" section_title="Partes del cuerpo" section_index="2">
      <lemma_variations>
         <lemma part_of_speech="noun">cuello</lemma>
         <lemma_with_article>el cuello</lemma_with_article>
         <singular_masculine>cuello</singular_masculine>
      </lemma_variations>
      <translations lang="en">
         <translation>neck</translation>
         <translation_with_article>the neck</translation_with_article>
      </translations>
      <translations lang="ar">
         <translation>رقبة</translation>
         <translation_with_article>الرقبة</translation_with_article>
      </translations>
      <use>
         <example_sentence lang="en">My neck hurts</example_sentence>
         <example_sentence lang="es">Me duele el cuello</example_sentence>
      </use>
   </entry>
   <entry section_id="536194346325" section_title="Partes del cuerpo" section_index="2">
      <lemma_variations>
         <lemma part_of_speech="noun">lengua</lemma>
         <lemma_with_article>la lengua</lemma_with_article>
         <singular_feminine>lengua</singular_feminine>
      </lemma_variations>
      <translations lang="en">
         <translation>tongue</translation>
         <translation_with_article>the tongue</translation_with_article>
      </translations>
      <translations lang="ar">
         <translation>لسان</translation>
         <translation_with_article>اللسان</translation_with_article>
      </translations>
      <use>
         <example_sentence lang="en">My tongue hurts</example_sentence>
         <example_sentence lang="es">Me duele la lengua</example_sentence>
      </use>
   </entry>
   <entry section_id="536194346325" section_title="Partes del cuerpo" section_index="2">
      <lemma_variations>
         <lemma part_of_speech="noun">labios</lemma>
         <lemma_with_article>los labios</lemma_with_article>
         <singular_masculine>labio</singular_masculine>
         <plural_masculine>labios</plural_masculine>
      </lemma_variations>
      <translations lang="en">
         <translation>lips</translation>
         <translation_with_article>the lips</translation_with_article>
      </translations>
      <translations lang="ar">
         <translation>شَفة</translation>
         <translation_with_article>الشَّفة</translation_with_article>
      </translations>
      <use>
         <example_sentence lang="en">My lips hurt</example_sentence>
         <example_sentence lang="es">Me duelen los labios</example_sentence>
      </use>
   </entry>
   <entry section_id="536194346325" section_title="Partes del cuerpo" section_index="2">
      <lemma_variations>
         <lemma part_of_speech="noun">rodilla</lemma>
         <lemma_with_article>la rodilla</lemma_with_article>
         <singular_feminine>rodilla</singular_feminine>
         <plural_feminine>rodillas</plural_feminine>
      </lemma_variations>
      <translations lang="en">
         <translation>knee</translation>
         <translation_with_article>the knee</translation_with_article>
      </translations>
      <translations lang="ar">
         <translation>ركبة</translation>
         <translation_with_article>الركبة</translation_with_article>
      </translations>
      <use>
         <example_sentence lang="en">My knee hurts</example_sentence>
         <example_sentence lang="es">Me duele la rodilla</example_sentence>
      </use>
   </entry>
   <entry section_id="536194346325" section_title="Partes del cuerpo" section_index="2">
      <lemma_variations>
         <lemma part_of_speech="noun">hombro</lemma>
         <lemma_with_article>el hombro</lemma_with_article>
         <singular_masculine>hombro</singular_masculine>
         <plural_masculine>hombros</plural_masculine>
      </lemma_variations>
      <translations lang="en">
         <translation>shoulder</translation>
         <translation_with_article>the shoulder</translation_with_article>
      </translations>
      <translations lang="ar">
         <translation>كتف</translation>
         <translation_with_article>الكتف</translation_with_article>
      </translations>
      <use>
         <example_sentence lang="en">My shoulder hurts</example_sentence>
         <example_sentence lang="es">me duele el hombro</example_sentence>
      </use>
   </entry>
   <entry section_id="306168630351" section_title="Vocabulario general" section_index="3">
      <lemma_variations>
         <lemma part_of_speech="adverb">despacio</lemma>
      </lemma_variations>
      <translations lang="en">
         <translation>slowly</translation>
      </translations>
      <translations lang="ar">
         <translation>ببطء</translation>
      </translations>
      <use>
         <example_sentence lang="en">He runs slowly</example_sentence>
         <example_sentence lang="es">Corre despacio</example_sentence>
      </use>
   </entry>
   <entry section_id="306168630351" section_title="Vocabulario general" section_index="3">
      <lemma_variations>
         <lemma part_of_speech="noun">paciente</lemma>
         <lemma_with_article>el paciente</lemma_with_article>
         <singular_masculine>paciente</singular_masculine>
         <singular_feminine>paciente</singular_feminine>
         <plural_masculine>pacientes</plural_masculine>
         <plural_feminine>pacientes</plural_feminine>
      </lemma_variations>
      <translations lang="en">
         <translation>patient</translation>
         <translation_with_article>the patient</translation_with_article>
      </translations>
      <translations lang="ar">
         <translation>مريض</translation>
         <translation_with_article>المريض</translation_with_article>
      </translations>
      <use>
         <example_sentence lang="en">The patients are waiting</example_sentence>
         <example_sentence lang="es">Los pacientes esperan</example_sentence>
      </use>
   </entry>
   <entry section_id="306168630351" section_title="Vocabulario general" section_index="3">
      <lemma_variations>
         <lemma part_of_speech="noun">termómetro</lemma>
         <lemma_with_article>el termómetro</lemma_with_article>
         <singular_masculine>termómetro</singular_masculine>
         <plural_masculine>termómetros</plural_masculine>
      </lemma_variations>
      <translations lang="en">
         <translation>thermometer</translation>
         <translation_with_article>the thermometer</translation_with_article>
      </translations>
      <translations lang="ar">
         <translation>ترمومتر</translation>
         <translation_with_article>الترمومتر</translation_with_article>
      </translations>
      <use>
         <example_sentence lang="en">I am going to measure the fever with the thermometer</example_sentence>
         <example_sentence lang="es">Voy a medir la fiebre con el termómetro</example_sentence>
      </use>
   </entry>
</vocabulary>
