<?xml version="1.0" ?>
<vocabulary session_id="509106363904" grade="11" country="eg" l1="ar" l2="es" session_index="12" session_title="Hoy no voy a clase" course_id="940190256794" term="2">
   <entry section_id="915101310234" section_title="Vocabulario general" section_index="3">
      <lemma_variations>
         <lemma part_of_speech="verb">suspender</lemma>
      </lemma_variations>
      <translations lang="en">
         <translation>to fail (an exam)</translation>
      </translations>
      <translations lang="ar">
         <translation>يرسُب</translation>
      </translations>
      <use>
         <example_sentence lang="en">Yesterday I failed the English exam</example_sentence>
         <example_sentence lang="es">Ayer suspendí el examen de inglés</example_sentence>
      </use>
   </entry>
   <entry section_id="915101310234" section_title="Vocabulario general" section_index="3">
      <lemma_variations>
         <lemma part_of_speech="verb">encender</lemma>
      </lemma_variations>
      <translations lang="en">
         <translation>to turn on</translation>
      </translations>
      <translations lang="ar">
         <translation>يُضيء</translation>
      </translations>
      <use>
         <example_sentence lang="en">Turn on the light</example_sentence>
         <example_sentence lang="es">Enciende la luz</example_sentence>
      </use>
   </entry>
   <entry section_id="915101310234" section_title="Vocabulario general" section_index="3">
      <lemma_variations>
         <lemma part_of_speech="verb">subir</lemma>
      </lemma_variations>
      <translations lang="en">
         <translation>to go up</translation>
      </translations>
      <translations lang="ar">
         <translation>يصعد/يرفع</translation>
      </translations>
      <use>
         <example_sentence lang="en">Go up the stairs</example_sentence>
         <example_sentence lang="es">Sube las escaleras</example_sentence>
      </use>
   </entry>
   <entry section_id="915101310234" section_title="Vocabulario general" section_index="3">
      <lemma_variations>
         <lemma part_of_speech="verb">equivocarse</lemma>
      </lemma_variations>
      <translations lang="en">
         <translation>to make a mistake/to be wrong</translation>
      </translations>
      <translations lang="ar">
         <translation>يُخطِئ</translation>
      </translations>
      <use>
         <example_sentence lang="en">You made a mistake in this question</example_sentence>
         <example_sentence lang="es">Te has equivocado en esta pregunta</example_sentence>
      </use>
   </entry>
   <entry section_id="937152932748" section_title="Salud y emociones" section_index="1">
      <lemma_variations>
         <lemma part_of_speech="verb">sentirse</lemma>
      </lemma_variations>
      <translations lang="en">
         <translation>to feel</translation>
      </translations>
      <translations lang="ar">
         <translation>يشعر</translation>
      </translations>
      <use>
         <example_sentence lang="en">I don’t feel well</example_sentence>
         <example_sentence lang="es">No me siento bien</example_sentence>
      </use>
   </entry>
   <entry section_id="937152932748" section_title="Salud y emociones" section_index="1">
      <lemma_variations>
         <lemma part_of_speech="verb">encontrarse</lemma>
      </lemma_variations>
      <translations lang="en">
         <translation>to feel</translation>
      </translations>
      <translations lang="ar">
         <translation>يُوحِي بشعور</translation>
      </translations>
      <use>
         <example_sentence lang="en">I feel sick</example_sentence>
         <example_sentence lang="es">Me encuentro mal</example_sentence>
      </use>
   </entry>
   <entry section_id="937152932748" section_title="Salud y emociones" section_index="1">
      <lemma_variations>
         <lemma part_of_speech="verb phrase">tener hambre</lemma>
      </lemma_variations>
      <translations lang="en">
         <translation>to be hungry</translation>
      </translations>
      <translations lang="ar">
         <translation>يشعر بالجوع</translation>
      </translations>
      <use>
         <example_sentence lang="en">I am hungry</example_sentence>
         <example_sentence lang="es">Tengo hambre</example_sentence>
      </use>
   </entry>
   <entry section_id="937152932748" section_title="Salud y emociones" section_index="1">
      <lemma_variations>
         <lemma part_of_speech="verb phrase">tener sed</lemma>
      </lemma_variations>
      <translations lang="en">
         <translation>to by thirsty</translation>
      </translations>
      <translations lang="ar">
         <translation>يشعر بالعطش</translation>
      </translations>
      <use>
         <example_sentence lang="en">I am thirsty</example_sentence>
         <example_sentence lang="es">Tengo sed</example_sentence>
      </use>
   </entry>
   <entry section_id="937152932748" section_title="Salud y emociones" section_index="1">
      <lemma_variations>
         <lemma part_of_speech="verb phrase">tener frío</lemma>
      </lemma_variations>
      <translations lang="en">
         <translation>to be cold</translation>
      </translations>
      <translations lang="ar">
         <translation>يشعر بالبرد</translation>
      </translations>
      <use>
         <example_sentence lang="en">I am cold</example_sentence>
         <example_sentence lang="es">Tengo frío</example_sentence>
      </use>
   </entry>
   <entry section_id="937152932748" section_title="Salud y emociones" section_index="1">
      <lemma_variations>
         <lemma part_of_speech="verb phrase">tener calor</lemma>
      </lemma_variations>
      <translations lang="en">
         <translation>to be hot</translation>
      </translations>
      <translations lang="ar">
         <translation>يشعر بالحرارة</translation>
      </translations>
      <use>
         <example_sentence lang="en">I am hot</example_sentence>
         <example_sentence lang="es">Tengo calor</example_sentence>
      </use>
   </entry>
   <entry section_id="937152932748" section_title="Salud y emociones" section_index="1">
      <lemma_variations>
         <lemma part_of_speech="verb phrase">tener sueño</lemma>
      </lemma_variations>
      <translations lang="en">
         <translation>to be sleepy</translation>
      </translations>
      <translations lang="ar">
         <translation>يشعر بالنعاس</translation>
      </translations>
      <use>
         <example_sentence lang="en">I am sleepy</example_sentence>
         <example_sentence lang="es">Tengo sueño</example_sentence>
      </use>
   </entry>
   <entry section_id="937152932748" section_title="Salud y emociones" section_index="1">
      <lemma_variations>
         <lemma part_of_speech="verb phrase">tener gripe</lemma>
      </lemma_variations>
      <translations lang="en">
         <translation>to have the flu</translation>
      </translations>
      <translations lang="ar">
         <translation>يُصاب بالإنفلونزا</translation>
      </translations>
      <use>
         <example_sentence lang="en">I have a the flu</example_sentence>
         <example_sentence lang="es">Tengo gripe</example_sentence>
      </use>
   </entry>
   <entry section_id="937152932748" section_title="Salud y emociones" section_index="1">
      <lemma_variations>
         <lemma part_of_speech="verb phrase">tener fiebre</lemma>
      </lemma_variations>
      <translations lang="en">
         <translation>to have a fever</translation>
      </translations>
      <translations lang="ar">
         <translation>يُصاب بالحُمَّى</translation>
      </translations>
      <use>
         <example_sentence lang="en">I have a fever</example_sentence>
         <example_sentence lang="es">Tengo fiebre</example_sentence>
      </use>
   </entry>
   <entry section_id="937152932748" section_title="Salud y emociones" section_index="1">
      <lemma_variations>
         <lemma part_of_speech="verb phrase">estar enfermo</lemma>
         <singular_feminine>estar enferma</singular_feminine>
      </lemma_variations>
      <translations lang="en">
         <translation>to be sick/ill</translation>
      </translations>
      <translations lang="ar">
         <translation>يكون مريضًا</translation>
      </translations>
      <use>
         <example_sentence lang="en">I am sick/ill</example_sentence>
         <example_sentence lang="es">Estoy enfermo</example_sentence>
      </use>
   </entry>
   <entry section_id="937152932748" section_title="Salud y emociones" section_index="1">
      <lemma_variations>
         <lemma part_of_speech="verb phrase">estar cansado</lemma>
         <singular_feminine>estar cansada</singular_feminine>
      </lemma_variations>
      <translations lang="en">
         <translation>to be tired</translation>
      </translations>
      <translations lang="ar">
         <translation>يشعر بالتعب</translation>
      </translations>
      <use>
         <example_sentence lang="en">I am tired</example_sentence>
         <example_sentence lang="es">Estoy cansado</example_sentence>
      </use>
   </entry>
   <entry section_id="937152932748" section_title="Salud y emociones" section_index="1">
      <lemma_variations>
         <lemma part_of_speech="verb phrase">estar triste</lemma>
      </lemma_variations>
      <translations lang="en">
         <translation>to be sad</translation>
      </translations>
      <translations lang="ar">
         <translation>يشعر بالحزن</translation>
      </translations>
      <use>
         <example_sentence lang="en">I am sad</example_sentence>
         <example_sentence lang="es">Estoy triste</example_sentence>
      </use>
   </entry>
   <entry section_id="937152932748" section_title="Salud y emociones" section_index="1">
      <lemma_variations>
         <lemma part_of_speech="verb phrase">estar contento</lemma>
         <singular_feminine>estar contenta</singular_feminine>
      </lemma_variations>
      <translations lang="en">
         <translation>to be happy</translation>
      </translations>
      <translations lang="ar">
         <translation>يشعر بالسعادة</translation>
      </translations>
      <use>
         <example_sentence lang="en">I am happy</example_sentence>
         <example_sentence lang="es">Estoy contento</example_sentence>
      </use>
   </entry>
   <entry section_id="937152932748" section_title="Salud y emociones" section_index="1">
      <lemma_variations>
         <lemma part_of_speech="verb phrase">estar resfriado</lemma>
         <singular_feminine>estar resfriada</singular_feminine>
      </lemma_variations>
      <translations lang="en">
         <translation>to have a cold</translation>
      </translations>
      <translations lang="ar">
         <translation>يُصاب بالبرد</translation>
      </translations>
      <use>
         <example_sentence lang="en">I have a cold</example_sentence>
         <example_sentence lang="es">Estoy resfriado</example_sentence>
      </use>
   </entry>
   <entry section_id="937152932748" section_title="Salud y emociones" section_index="1">
      <lemma_variations>
         <lemma part_of_speech="verb phrase">estar preocupado</lemma>
         <singular_feminine>estar preocupada</singular_feminine>
      </lemma_variations>
      <translations lang="en">
         <translation>to be worried</translation>
      </translations>
      <translations lang="ar">
         <translation>ينتابه القلق</translation>
      </translations>
      <use>
         <example_sentence lang="en">I am worried</example_sentence>
         <example_sentence lang="es">Estoy preocupado</example_sentence>
      </use>
   </entry>
   <entry section_id="937152932748" section_title="Salud y emociones" section_index="1">
      <lemma_variations>
         <lemma part_of_speech="verb phrase">estar nervioso</lemma>
         <singular_feminine>estar nerviosa</singular_feminine>
      </lemma_variations>
      <translations lang="en">
         <translation>to be nervous</translation>
      </translations>
      <translations lang="ar">
         <translation>يشعر بالتوتُّر</translation>
      </translations>
      <use>
         <example_sentence lang="en">I am nervous</example_sentence>
         <example_sentence lang="es">Estoy nervioso</example_sentence>
      </use>
   </entry>
   <entry section_id="915101310234" section_title="Vocabulario general" section_index="3">
      <lemma_variations>
         <lemma part_of_speech="adverb">todavía</lemma>
      </lemma_variations>
      <translations lang="en">
         <translation>still/yet</translation>
      </translations>
      <translations lang="ar">
         <translation>حتى الآن</translation>
      </translations>
      <use>
         <example_sentence lang="en">I still have not done my homework</example_sentence>
         <example_sentence lang="es">Todavía no he hecho los deberes</example_sentence>
      </use>
   </entry>
   <entry section_id="915101310234" section_title="Vocabulario general" section_index="3">
      <lemma_variations>
         <lemma part_of_speech="noun">gripe</lemma>
         <lemma_with_article>la gripe</lemma_with_article>
         <singular_masculine>gripe</singular_masculine>
      </lemma_variations>
      <translations lang="en">
         <translation>flu</translation>
         <translation_with_article>the flu</translation_with_article>
      </translations>
      <translations lang="ar">
         <translation>إنفلونزا</translation>
         <translation_with_article>الإنفلونزا</translation_with_article>
      </translations>
      <use>
         <example_sentence lang="en">We need medicine for the flu</example_sentence>
         <example_sentence lang="es">Necesitamos medicina para la gripe</example_sentence>
      </use>
   </entry>
</vocabulary>
