<?xml version="1.0" ?>
<vocabulary session_id="540121940765" grade="11" country="eg" l1="ar" l2="es" session_index="12" session_title="Hoy no voy a clase" course_id="940190256794" term="2">
   <entry section_id="919142542036" section_title="Vocabulario general" section_index="3">
      <lemma_variations>
         <lemma part_of_speech="verb">ponerse (al teléfono)</lemma>
      </lemma_variations>
      <translations lang="en">
         <translation>to get on (the phone)</translation>
      </translations>
      <translations lang="ar">
         <translation>يتَّصل بـ</translation>
      </translations>
      <use>
         <example_sentence lang="en">He cannot get on the phone</example_sentence>
         <example_sentence lang="es">No puede ponerse al teléfono</example_sentence>
      </use>
   </entry>
   <entry section_id="919142542036" section_title="Vocabulario general" section_index="3">
      <lemma_variations>
         <lemma part_of_speech="verb">llamar</lemma>
      </lemma_variations>
      <translations lang="en">
         <translation>to call</translation>
      </translations>
      <translations lang="ar">
         <translation>يتَّصل بـ</translation>
      </translations>
      <use>
         <example_sentence lang="en">I am going to call Alicia</example_sentence>
         <example_sentence lang="es">Voy a llamar a Alicia</example_sentence>
      </use>
   </entry>
   <entry section_id="919142542036" section_title="Vocabulario general" section_index="3">
      <lemma_variations>
         <lemma part_of_speech="verb">desconectar</lemma>
      </lemma_variations>
      <translations lang="en">
         <translation>to disconnect</translation>
      </translations>
      <translations lang="ar">
         <translation>يفصِل</translation>
      </translations>
      <use>
         <example_sentence lang="en">Can you disconnect the computer?</example_sentence>
         <example_sentence lang="es">¿Puedes desconectar el ordenador?</example_sentence>
      </use>
   </entry>
   <entry section_id="919142542036" section_title="Vocabulario general" section_index="3">
      <lemma_variations>
         <lemma part_of_speech="verb">llevar</lemma>
      </lemma_variations>
      <translations lang="en">
         <translation>to carry</translation>
      </translations>
      <translations lang="ar">
         <translation>يحمل</translation>
      </translations>
      <use>
         <example_sentence lang="en">Can you carry the glasses to the table?</example_sentence>
         <example_sentence lang="es">¿Puedes llevar los vasos a la mesa?</example_sentence>
      </use>
   </entry>
   <entry section_id="919142542036" section_title="Vocabulario general" section_index="3">
      <lemma_variations>
         <lemma part_of_speech="verb">recetar</lemma>
      </lemma_variations>
      <translations lang="en">
         <translation>to prescribe</translation>
      </translations>
      <translations lang="ar">
         <translation>يصف علاجًا</translation>
      </translations>
      <use>
         <example_sentence lang="en">The doctor has prescribed me some antibiotics</example_sentence>
         <example_sentence lang="es">El médico me ha recetado antibióticos</example_sentence>
      </use>
   </entry>
   <entry section_id="919142542036" section_title="Vocabulario general" section_index="3">
      <lemma_variations>
         <lemma part_of_speech="verb">tomar</lemma>
      </lemma_variations>
      <translations lang="en">
         <translation>to take/have</translation>
      </translations>
      <translations lang="ar">
         <translation>يتناول</translation>
      </translations>
      <use>
         <example_sentence lang="en">I have to take antibiotics</example_sentence>
         <example_sentence lang="es">Tengo que tomar antibióticos</example_sentence>
      </use>
   </entry>
   <entry section_id="919142542036" section_title="Vocabulario general" section_index="3">
      <lemma_variations>
         <lemma part_of_speech="verb">contestar</lemma>
      </lemma_variations>
      <translations lang="en">
         <translation>to answer</translation>
      </translations>
      <translations lang="ar">
         <translation>يُجيب</translation>
      </translations>
      <use>
         <example_sentence lang="en">Can you answer the phone?</example_sentence>
         <example_sentence lang="es">¿Puedes contestar el teléfono?</example_sentence>
      </use>
   </entry>
   <entry section_id="919142542036" section_title="Vocabulario general" section_index="3">
      <lemma_variations>
         <lemma part_of_speech="verb">abrir</lemma>
      </lemma_variations>
      <translations lang="en">
         <translation>to open</translation>
      </translations>
      <translations lang="ar">
         <translation>يفتح</translation>
      </translations>
      <use>
         <example_sentence lang="en">Open your mouth</example_sentence>
         <example_sentence lang="es">Abra la boca</example_sentence>
      </use>
   </entry>
   <entry section_id="919142542036" section_title="Vocabulario general" section_index="3">
      <lemma_variations>
         <lemma part_of_speech="verb">cerrar</lemma>
      </lemma_variations>
      <translations lang="en">
         <translation>to close</translation>
      </translations>
      <translations lang="ar">
         <translation>يُغلِق</translation>
      </translations>
      <use>
         <example_sentence lang="en">Close your mouth</example_sentence>
         <example_sentence lang="es">Cierre la boca</example_sentence>
      </use>
   </entry>
   <entry section_id="919142542036" section_title="Vocabulario general" section_index="3">
      <lemma_variations>
         <lemma part_of_speech="verb phrase">soltar el aire</lemma>
      </lemma_variations>
      <translations lang="en">
         <translation>to let the air go</translation>
      </translations>
      <translations lang="ar">
         <translation>يسمح بمرور الهواء</translation>
      </translations>
      <use>
         <example_sentence lang="en">Let the air go slowly</example_sentence>
         <example_sentence lang="es">Suelte el aire despacio</example_sentence>
      </use>
   </entry>
   <entry section_id="919142542036" section_title="Vocabulario general" section_index="3">
      <lemma_variations>
         <lemma part_of_speech="verb">calentar</lemma>
      </lemma_variations>
      <translations lang="en">
         <translation>to heat</translation>
      </translations>
      <translations lang="ar">
         <translation>يُسخِّن</translation>
      </translations>
      <use>
         <example_sentence lang="en">I am going to heat dinner</example_sentence>
         <example_sentence lang="es">Voy a calentar la cena</example_sentence>
      </use>
   </entry>
   <entry section_id="919142542036" section_title="Vocabulario general" section_index="3">
      <lemma_variations>
         <lemma part_of_speech="adjective">limpio</lemma>
         <singular_masculine>limpio</singular_masculine>
         <singular_feminine>limpia</singular_feminine>
         <plural_masculine>limpios</plural_masculine>
         <plural_feminine>limpias</plural_feminine>
      </lemma_variations>
      <translations lang="en">
         <translation>clean</translation>
      </translations>
      <translations lang="ar">
         <translation>نظيف</translation>
      </translations>
      <use>
         <example_sentence lang="en">The house is very clean</example_sentence>
         <example_sentence lang="es">La casa está muy limpia</example_sentence>
      </use>
   </entry>
   <entry section_id="919142542036" section_title="Vocabulario general" section_index="3">
      <lemma_variations>
         <lemma part_of_speech="adjective">sucio</lemma>
         <singular_masculine>sucio</singular_masculine>
         <singular_feminine>sucia</singular_feminine>
         <plural_masculine>sucios</plural_masculine>
         <plural_feminine>sucias</plural_feminine>
      </lemma_variations>
      <translations lang="en">
         <translation>dirty</translation>
      </translations>
      <translations lang="ar">
         <translation>مُتَّسِخ</translation>
      </translations>
      <use>
         <example_sentence lang="en">The house is very dirty</example_sentence>
         <example_sentence lang="es">La casa está muy sucia</example_sentence>
      </use>
   </entry>
   <entry section_id="919142542036" section_title="Vocabulario general" section_index="3">
      <lemma_variations>
         <lemma part_of_speech="adjective">roto</lemma>
         <singular_masculine>roto</singular_masculine>
         <singular_feminine>rota</singular_feminine>
         <plural_masculine>rotos</plural_masculine>
         <plural_feminine>rotas</plural_feminine>
      </lemma_variations>
      <translations lang="en">
         <translation>broken</translation>
      </translations>
      <translations lang="ar">
         <translation>مكسور</translation>
      </translations>
      <use>
         <example_sentence lang="en">The glass is broken</example_sentence>
         <example_sentence lang="es">El vaso está roto</example_sentence>
      </use>
   </entry>
   <entry section_id="919142542036" section_title="Vocabulario general" section_index="3">
      <lemma_variations>
         <lemma part_of_speech="adjective">corto</lemma>
         <singular_masculine>corto</singular_masculine>
         <singular_feminine>corta</singular_feminine>
         <plural_masculine>cortos</plural_masculine>
         <plural_feminine>cortas</plural_feminine>
      </lemma_variations>
      <translations lang="en">
         <translation>short</translation>
      </translations>
      <translations lang="ar">
         <translation>قصير</translation>
      </translations>
      <use>
         <example_sentence lang="en">The rope is very short</example_sentence>
         <example_sentence lang="es">la cuerda es muy corta</example_sentence>
      </use>
   </entry>
   <entry section_id="919142542036" section_title="Vocabulario general" section_index="3">
      <lemma_variations>
         <lemma part_of_speech="adjective">delgado</lemma>
         <singular_masculine>delgado</singular_masculine>
         <singular_feminine>delgada</singular_feminine>
         <plural_masculine>delgados</plural_masculine>
         <plural_feminine>delgadas</plural_feminine>
      </lemma_variations>
      <translations lang="en">
         <translation>thin</translation>
      </translations>
      <translations lang="ar">
         <translation>نحيف</translation>
      </translations>
      <use>
         <example_sentence lang="en">Marta is thin</example_sentence>
         <example_sentence lang="es">Marta es delgada</example_sentence>
      </use>
   </entry>
   <entry section_id="919142542036" section_title="Vocabulario general" section_index="3">
      <lemma_variations>
         <lemma part_of_speech="noun">médico</lemma>
         <lemma_with_article>el médico</lemma_with_article>
         <singular_masculine>médico</singular_masculine>
         <plural_masculine>médicos</plural_masculine>
      </lemma_variations>
      <translations lang="en">
         <translation>doctor</translation>
         <translation_with_article>the doctor</translation_with_article>
      </translations>
      <translations lang="ar">
         <translation>طبيب</translation>
         <translation_with_article>الطبيب</translation_with_article>
      </translations>
      <use>
         <example_sentence lang="en">The doctor will see you now</example_sentence>
         <example_sentence lang="es">El doctor le verá ahora</example_sentence>
      </use>
   </entry>
   <entry section_id="919142542036" section_title="Vocabulario general" section_index="3">
      <lemma_variations>
         <lemma part_of_speech="noun">pastilla</lemma>
         <lemma_with_article>la pastilla</lemma_with_article>
         <singular_feminine>pastilla</singular_feminine>
         <plural_feminine>pastillas</plural_feminine>
      </lemma_variations>
      <translations lang="en">
         <translation>pill</translation>
         <translation_with_article>the pill</translation_with_article>
      </translations>
      <translations lang="ar">
         <translation>قُرْص</translation>
         <translation_with_article>القُرْص</translation_with_article>
      </translations>
      <use>
         <example_sentence lang="en">You must take these pills</example_sentence>
         <example_sentence lang="es">Debes tomarte estas pastillas</example_sentence>
      </use>
   </entry>
   <entry section_id="919142542036" section_title="Vocabulario general" section_index="3">
      <lemma_variations>
         <lemma part_of_speech="noun">jarabe</lemma>
         <lemma_with_article>el jarabe</lemma_with_article>
         <singular_masculine>jarabe</singular_masculine>
      </lemma_variations>
      <translations lang="en">
         <translation>syrup</translation>
         <translation_with_article>the syrup</translation_with_article>
      </translations>
      <translations lang="ar">
         <translation>شراب</translation>
         <translation_with_article>الشراب</translation_with_article>
      </translations>
      <use>
         <example_sentence lang="en">We need cough syrup</example_sentence>
         <example_sentence lang="es">Necesitamos jarabe para la tos</example_sentence>
      </use>
   </entry>
   <entry section_id="919142542036" section_title="Vocabulario general" section_index="3">
      <lemma_variations>
         <lemma part_of_speech="noun">medicina</lemma>
         <lemma_with_article>la medicina</lemma_with_article>
         <singular_feminine>medicina</singular_feminine>
         <plural_feminine>medicinas</plural_feminine>
      </lemma_variations>
      <translations lang="en">
         <translation>medicine</translation>
         <translation_with_article>the medicine</translation_with_article>
      </translations>
      <translations lang="ar">
         <translation>دواء</translation>
         <translation_with_article>الدواء</translation_with_article>
      </translations>
      <use>
         <example_sentence lang="en">We need medicine for the flu</example_sentence>
         <example_sentence lang="es">Necesitamos medicina para la gripe</example_sentence>
      </use>
   </entry>
   <entry section_id="919142542036" section_title="Vocabulario general" section_index="3">
      <lemma_variations>
         <lemma part_of_speech="adjective">grave</lemma>
         <singular_masculine>grave</singular_masculine>
         <singular_feminine>grave</singular_feminine>
         <plural_masculine>graves</plural_masculine>
         <plural_feminine>graves</plural_feminine>
      </lemma_variations>
      <translations lang="en">
         <translation>grave, serious</translation>
      </translations>
      <translations lang="ar">
         <translation>خطير</translation>
      </translations>
      <use>
         <example_sentence lang="en">The illness is serious</example_sentence>
         <example_sentence lang="es">La enfermedad es grave</example_sentence>
      </use>
   </entry>
   <entry section_id="919142542036" section_title="Vocabulario general" section_index="3">
      <lemma_variations>
         <lemma part_of_speech="noun">teléfono</lemma>
         <lemma_with_article>el teléfono</lemma_with_article>
         <singular_masculine>teléfono</singular_masculine>
         <plural_masculine>teléfonos</plural_masculine>
      </lemma_variations>
      <translations lang="en">
         <translation>telephone</translation>
         <translation_with_article>the telephone</translation_with_article>
      </translations>
      <translations lang="ar">
         <translation>هاتف</translation>
         <translation_with_article>الهاتف</translation_with_article>
      </translations>
      <use>
         <example_sentence lang="en">The telephone is ringing</example_sentence>
         <example_sentence lang="es">El teléfono está sonando</example_sentence>
      </use>
   </entry>
   <entry section_id="919142542036" section_title="Vocabulario general" section_index="3">
      <lemma_variations>
         <lemma part_of_speech="noun">llamada</lemma>
         <lemma_with_article>la llamada</lemma_with_article>
         <singular_feminine>llamada</singular_feminine>
         <plural_feminine>llamadas</plural_feminine>
      </lemma_variations>
      <translations lang="en">
         <translation>calls</translation>
         <translation_with_article>the calls</translation_with_article>
      </translations>
      <translations lang="ar">
         <translation>مُكالَمة</translation>
         <translation_with_article>المُكالَمة</translation_with_article>
      </translations>
      <use>
         <example_sentence lang="en">I have to make a call</example_sentence>
         <example_sentence lang="es">Tengo que hacer una llamada</example_sentence>
      </use>
   </entry>
   <entry section_id="919142542036" section_title="Vocabulario general" section_index="3">
      <lemma_variations>
         <lemma part_of_speech="noun">recado</lemma>
         <lemma_with_article>el recado</lemma_with_article>
         <singular_masculine>recado</singular_masculine>
         <plural_masculine>recados</plural_masculine>
      </lemma_variations>
      <translations lang="en">
         <translation>message</translation>
         <translation_with_article>the message</translation_with_article>
      </translations>
      <translations lang="ar">
         <translation>رسالة</translation>
         <translation_with_article>الرسالة</translation_with_article>
      </translations>
      <use>
         <example_sentence lang="en">he cannot come to the phone, but you can leave a message</example_sentence>
         <example_sentence lang="es">no puede ponerse al teléfono, pero puedes dejar un recado</example_sentence>
      </use>
   </entry>
   <entry section_id="919142542036" section_title="Vocabulario general" section_index="3">
      <lemma_variations>
         <lemma part_of_speech="noun">empresa</lemma>
         <lemma_with_article>la empresa</lemma_with_article>
         <singular_feminine>empresa</singular_feminine>
         <plural_feminine>empresas</plural_feminine>
      </lemma_variations>
      <translations lang="en">
         <translation>company</translation>
         <translation_with_article>the company</translation_with_article>
      </translations>
      <translations lang="ar">
         <translation>شركة</translation>
         <translation_with_article>الشركة</translation_with_article>
      </translations>
      <use>
         <example_sentence lang="en">The company closed last year</example_sentence>
         <example_sentence lang="es">La empresa cerró el año pasado</example_sentence>
      </use>
   </entry>
   <entry section_id="919142542036" section_title="Vocabulario general" section_index="3">
      <lemma_variations>
         <lemma part_of_speech="noun">luz</lemma>
         <lemma_with_article>la luz</lemma_with_article>
         <singular_feminine>luz</singular_feminine>
      </lemma_variations>
      <translations lang="en">
         <translation>light</translation>
         <translation_with_article>the light</translation_with_article>
      </translations>
      <translations lang="ar">
         <translation>ضوء</translation>
         <translation_with_article>الضوء</translation_with_article>
      </translations>
      <use>
         <example_sentence lang="en">Turn on the light</example_sentence>
         <example_sentence lang="es">Enciende la luz</example_sentence>
      </use>
   </entry>
   <entry section_id="919142542036" section_title="Vocabulario general" section_index="3">
      <lemma_variations>
         <lemma part_of_speech="noun">cajera</lemma>
         <lemma_with_article>la cajera</lemma_with_article>
         <singular_masculine>cajero</singular_masculine>
         <singular_feminine>cajera</singular_feminine>
         <plural_masculine>cajeros</plural_masculine>
         <plural_feminine>cajeras</plural_feminine>
      </lemma_variations>
      <translations lang="en">
         <translation>cashier</translation>
         <translation_with_article>the cashier</translation_with_article>
      </translations>
      <translations lang="ar">
         <translation>صرَّاف</translation>
         <translation_with_article>الصرَّاف</translation_with_article>
      </translations>
      <use>
         <example_sentence lang="en">The cashier was very ncie</example_sentence>
         <example_sentence lang="es">La cajera fue muy simpática</example_sentence>
      </use>
   </entry>
   <entry section_id="919142542036" section_title="Vocabulario general" section_index="3">
      <lemma_variations>
         <lemma part_of_speech="noun">pantalla</lemma>
         <lemma_with_article>la pantalla</lemma_with_article>
         <singular_feminine>pantalla</singular_feminine>
         <plural_feminine>pantallas</plural_feminine>
      </lemma_variations>
      <translations lang="en">
         <translation>screen</translation>
         <translation_with_article>the screen</translation_with_article>
      </translations>
      <translations lang="ar">
         <translation>شاشة</translation>
         <translation_with_article>الشاشة</translation_with_article>
      </translations>
      <use>
         <example_sentence lang="en">My eyes hurt because of looking at the screen</example_sentence>
         <example_sentence lang="es">Me duelen los ojos por mirar la pantalla</example_sentence>
      </use>
   </entry>
</vocabulary>
