<?xml version="1.0" ?>
<vocabulary session_id="753192154020" grade="11" country="eg" l1="ar" l2="es" session_index="13" session_title="¿Qué has hecho hoy?" course_id="940190256794" term="2">
   <entry section_id="494158145068" section_title="Vocabulario general" section_index="1">
      <lemma_variations>
         <lemma part_of_speech="verb">mejorar</lemma>
      </lemma_variations>
      <translations lang="en">
         <translation>to improve</translation>
      </translations>
      <translations lang="ar">
         <translation>يتحسَّن</translation>
      </translations>
      <use>
         <example_sentence lang="en">My results improve little by little</example_sentence>
         <example_sentence lang="es">Mis resultados mejoran poco a poco</example_sentence>
      </use>
   </entry>
   <entry section_id="494158145068" section_title="Vocabulario general" section_index="1">
      <lemma_variations>
         <lemma part_of_speech="verb">ganar</lemma>
      </lemma_variations>
      <translations lang="en">
         <translation>to win</translation>
      </translations>
      <translations lang="ar">
         <translation>يفوز</translation>
      </translations>
      <use>
         <example_sentence lang="en">We are going to win the competition</example_sentence>
         <example_sentence lang="es">Vamos a ganar el concurso</example_sentence>
      </use>
   </entry>
   <entry section_id="494158145068" section_title="Vocabulario general" section_index="1">
      <lemma_variations>
         <lemma part_of_speech="verb">probar</lemma>
      </lemma_variations>
      <translations lang="en">
         <translation>to try/taste for the first time</translation>
      </translations>
      <translations lang="ar">
         <translation>يُجرِّب</translation>
      </translations>
      <use>
         <example_sentence lang="en">You need to taste this dish</example_sentence>
         <example_sentence lang="es">Tienes que probar este plato</example_sentence>
      </use>
   </entry>
   <entry section_id="494158145068" section_title="Vocabulario general" section_index="1">
      <lemma_variations>
         <lemma part_of_speech="verb">enseñar</lemma>
      </lemma_variations>
      <translations lang="en">
         <translation>to teach</translation>
      </translations>
      <translations lang="ar">
         <translation>يُدرِّس</translation>
      </translations>
      <use>
         <example_sentence lang="en">The teacher teaches very well</example_sentence>
         <example_sentence lang="es">La profesora enseña muy bien</example_sentence>
      </use>
   </entry>
   <entry section_id="494158145068" section_title="Vocabulario general" section_index="1">
      <lemma_variations>
         <lemma part_of_speech="verb">restaurar</lemma>
      </lemma_variations>
      <translations lang="en">
         <translation>to restore</translation>
      </translations>
      <translations lang="ar">
         <translation>يُرمِّم</translation>
      </translations>
      <use>
         <example_sentence lang="en">They are going to restore the painting</example_sentence>
         <example_sentence lang="es">Van a restaurar el cuadro</example_sentence>
      </use>
   </entry>
   <entry section_id="494158145068" section_title="Vocabulario general" section_index="1">
      <lemma_variations>
         <lemma part_of_speech="verb">desayunar</lemma>
      </lemma_variations>
      <translations lang="en">
         <translation>to have breakfast</translation>
      </translations>
      <translations lang="ar">
         <translation>يتناول الإفطار</translation>
      </translations>
      <use>
         <example_sentence lang="en">I have breakfast at eight</example_sentence>
         <example_sentence lang="es">Desayuno a las ocho</example_sentence>
      </use>
   </entry>
   <entry section_id="494158145068" section_title="Vocabulario general" section_index="1">
      <lemma_variations>
         <lemma part_of_speech="verb">comer</lemma>
      </lemma_variations>
      <translations lang="en">
         <translation>to eat/to have lunch</translation>
      </translations>
      <translations lang="ar">
         <translation>يتناول وجبة الغداء</translation>
      </translations>
      <use>
         <example_sentence lang="en">We have lunch at two in Spain</example_sentence>
         <example_sentence lang="es">Comemos a las dos en España</example_sentence>
      </use>
   </entry>
   <entry section_id="494158145068" section_title="Vocabulario general" section_index="1">
      <lemma_variations>
         <lemma part_of_speech="verb">lavarse los dientes</lemma>
      </lemma_variations>
      <translations lang="en">
         <translation>to brush one’s teeth</translation>
      </translations>
      <translations lang="ar">
         <translation>يغسل الأسنان</translation>
      </translations>
      <use>
         <example_sentence lang="en">I brush my teeth three times a day</example_sentence>
         <example_sentence lang="es">Me lavo los dientes tres veces al día</example_sentence>
      </use>
   </entry>
   <entry section_id="494158145068" section_title="Vocabulario general" section_index="1">
      <lemma_variations>
         <lemma part_of_speech="verb">hablar por teléfono</lemma>
      </lemma_variations>
      <translations lang="en">
         <translation>to talk on the phone</translation>
      </translations>
      <translations lang="ar">
         <translation>يتحدَّث عبر الهاتف</translation>
      </translations>
      <use>
         <example_sentence lang="en">She is always talking on the phone</example_sentence>
         <example_sentence lang="es">Ella siempre está hablando por teléfono</example_sentence>
      </use>
   </entry>
   <entry section_id="494158145068" section_title="Vocabulario general" section_index="1">
      <lemma_variations>
         <lemma part_of_speech="verb">jugar al ordenador</lemma>
      </lemma_variations>
      <translations lang="en">
         <translation>to play on the computer</translation>
      </translations>
      <translations lang="ar">
         <translation>يلعب بالحاسب الآليِّ</translation>
      </translations>
      <use>
         <example_sentence lang="en">My brothers are always playing on the computer</example_sentence>
         <example_sentence lang="es">mis hermanos siempre están jugando al ordenador</example_sentence>
      </use>
   </entry>
   <entry section_id="494158145068" section_title="Vocabulario general" section_index="1">
      <lemma_variations>
         <lemma part_of_speech="verb">ducharse</lemma>
      </lemma_variations>
      <translations lang="en">
         <translation>to shower</translation>
      </translations>
      <translations lang="ar">
         <translation>يتحمَّم</translation>
      </translations>
      <use>
         <example_sentence lang="en">I always shower at night</example_sentence>
         <example_sentence lang="es">Siempre me ducho por la noche</example_sentence>
      </use>
   </entry>
   <entry section_id="494158145068" section_title="Vocabulario general" section_index="1">
      <lemma_variations>
         <lemma part_of_speech="verb">cenar</lemma>
      </lemma_variations>
      <translations lang="en">
         <translation>to have dinner</translation>
      </translations>
      <translations lang="ar">
         <translation>يتناول العشاء</translation>
      </translations>
      <use>
         <example_sentence lang="en">We have dinner at eight</example_sentence>
         <example_sentence lang="es">Cenamos a las ocho</example_sentence>
      </use>
   </entry>
   <entry section_id="494158145068" section_title="Vocabulario general" section_index="1">
      <lemma_variations>
         <lemma part_of_speech="verb">ver la tele</lemma>
      </lemma_variations>
      <translations lang="en">
         <translation>to watch TV</translation>
      </translations>
      <translations lang="ar">
         <translation>يُشاهِد التلفاز</translation>
      </translations>
      <use>
         <example_sentence lang="en">We watch TV after dinner</example_sentence>
         <example_sentence lang="es">Vemos la tele después de cenar</example_sentence>
      </use>
   </entry>
   <entry section_id="494158145068" section_title="Vocabulario general" section_index="1">
      <lemma_variations>
         <lemma part_of_speech="verb">conocer</lemma>
      </lemma_variations>
      <translations lang="en">
         <translation>to know/be acquainted with</translation>
      </translations>
      <translations lang="ar">
         <translation>يعرف</translation>
      </translations>
      <use>
         <example_sentence lang="en">Do you know my brother?</example_sentence>
         <example_sentence lang="es">¿Conoces a mi hermano?</example_sentence>
      </use>
   </entry>
   <entry section_id="494158145068" section_title="Vocabulario general" section_index="1">
      <lemma_variations>
         <lemma part_of_speech="verb">llegar</lemma>
      </lemma_variations>
      <translations lang="en">
         <translation>to arrive</translation>
      </translations>
      <translations lang="ar">
         <translation>يصل</translation>
      </translations>
      <use>
         <example_sentence lang="en">We will arrive at seven</example_sentence>
         <example_sentence lang="es">Llegaremos a las siete</example_sentence>
      </use>
   </entry>
   <entry section_id="494158145068" section_title="Vocabulario general" section_index="1">
      <lemma_variations>
         <lemma part_of_speech="verb">entrenar</lemma>
      </lemma_variations>
      <translations lang="en">
         <translation>to train</translation>
      </translations>
      <translations lang="ar">
         <translation>يتدرَّب</translation>
      </translations>
      <use>
         <example_sentence lang="en">we have to train twice a week</example_sentence>
         <example_sentence lang="es">Tenemos que entrenar dos veces a la semana</example_sentence>
      </use>
   </entry>
   <entry section_id="494158145068" section_title="Vocabulario general" section_index="1">
      <lemma_variations>
         <lemma part_of_speech="verb">visitar</lemma>
      </lemma_variations>
      <translations lang="en">
         <translation>to visit</translation>
      </translations>
      <translations lang="ar">
         <translation>يزور</translation>
      </translations>
      <use>
         <example_sentence lang="en">We are going to visit the museum</example_sentence>
         <example_sentence lang="es">Vamos a visitar el museo</example_sentence>
      </use>
   </entry>
   <entry section_id="494158145068" section_title="Vocabulario general" section_index="1">
      <lemma_variations>
         <lemma part_of_speech="verb">jugar</lemma>
      </lemma_variations>
      <translations lang="en">
         <translation>to play</translation>
      </translations>
      <translations lang="ar">
         <translation>يلعب</translation>
      </translations>
      <use>
         <example_sentence lang="en">Are we going to play cards?</example_sentence>
         <example_sentence lang="es">¿Vamos a jugar a las cartas?</example_sentence>
      </use>
   </entry>
   <entry section_id="494158145068" section_title="Vocabulario general" section_index="1">
      <lemma_variations>
         <lemma part_of_speech="noun">faraón</lemma>
         <lemma_with_article>el faraón</lemma_with_article>
         <singular_masculine>faraón</singular_masculine>
         <plural_masculine>faraones</plural_masculine>
      </lemma_variations>
      <translations lang="en">
         <translation>pharaoh</translation>
         <translation_with_article>the pharaoh</translation_with_article>
      </translations>
      <translations lang="ar">
         <translation>فرعون</translation>
         <translation_with_article>الفرعون</translation_with_article>
      </translations>
      <use>
         <example_sentence lang="en">The pharaoh is buried here</example_sentence>
         <example_sentence lang="es">El faraón está enterrado aquí</example_sentence>
      </use>
   </entry>
   <entry section_id="494158145068" section_title="Vocabulario general" section_index="1">
      <lemma_variations>
         <lemma part_of_speech="noun">fiesta</lemma>
         <lemma_with_article>la fiesta</lemma_with_article>
         <singular_feminine>fiesta</singular_feminine>
         <plural_feminine>fiestas</plural_feminine>
      </lemma_variations>
      <translations lang="en">
         <translation>party</translation>
         <translation_with_article>the party</translation_with_article>
      </translations>
      <translations lang="ar">
         <translation>حفلة</translation>
         <translation_with_article>الحفلة</translation_with_article>
      </translations>
      <use>
         <example_sentence lang="en">Tomorrow I am going to a party</example_sentence>
         <example_sentence lang="es">Mañana voy a una fiesta</example_sentence>
      </use>
   </entry>
   <entry section_id="494158145068" section_title="Vocabulario general" section_index="1">
      <lemma_variations>
         <lemma part_of_speech="noun">chico</lemma>
         <lemma_with_article>el chico</lemma_with_article>
         <singular_masculine>chico</singular_masculine>
         <singular_feminine>chica</singular_feminine>
         <plural_masculine>chicos</plural_masculine>
         <plural_feminine>chicas</plural_feminine>
      </lemma_variations>
      <translations lang="en">
         <translation>boy</translation>
         <translation_with_article>the boy</translation_with_article>
      </translations>
      <translations lang="ar">
         <translation>فتى</translation>
         <translation_with_article>الفتى</translation_with_article>
      </translations>
      <use>
         <example_sentence lang="en">The boy is very intelligent</example_sentence>
         <example_sentence lang="es">El chico es muy inteligente</example_sentence>
      </use>
   </entry>
   <entry section_id="494158145068" section_title="Vocabulario general" section_index="1">
      <lemma_variations>
         <lemma part_of_speech="noun">monumento</lemma>
         <lemma_with_article>el monumento</lemma_with_article>
         <singular_masculine>monumento</singular_masculine>
         <plural_masculine>monumentos</plural_masculine>
      </lemma_variations>
      <translations lang="en">
         <translation>monument</translation>
         <translation_with_article>the monument</translation_with_article>
      </translations>
      <translations lang="ar">
         <translation>مَعْلَم أثريٌّ/نُصب تذكاريٌّ</translation>
         <translation_with_article>المَعْلَم الأثريُّ/النُّصب التذكاريُّ</translation_with_article>
      </translations>
      <use>
         <example_sentence lang="en">We are going to see the monuments of the city</example_sentence>
         <example_sentence lang="es">Vamos a ver los monumentos de la ciudad</example_sentence>
      </use>
   </entry>
   <entry section_id="494158145068" section_title="Vocabulario general" section_index="1">
      <lemma_variations>
         <lemma part_of_speech="noun">examen</lemma>
         <lemma_with_article>el examen</lemma_with_article>
         <singular_masculine>examen</singular_masculine>
         <plural_masculine>exámenes</plural_masculine>
      </lemma_variations>
      <translations lang="en">
         <translation>exam</translation>
         <translation_with_article>the exam</translation_with_article>
      </translations>
      <translations lang="ar">
         <translation>اختبار</translation>
         <translation_with_article>الاختبار</translation_with_article>
      </translations>
      <use>
         <example_sentence lang="en">I have an exam tomorrow</example_sentence>
         <example_sentence lang="es">Tengo un examen mañana</example_sentence>
      </use>
   </entry>
   <entry section_id="494158145068" section_title="Vocabulario general" section_index="1">
      <lemma_variations>
         <lemma part_of_speech="adjective">genial</lemma>
         <singular_masculine>genial</singular_masculine>
         <singular_feminine>genial</singular_feminine>
         <plural_masculine>geniales</plural_masculine>
         <plural_feminine>geniales</plural_feminine>
      </lemma_variations>
      <translations lang="en">
         <translation>great</translation>
      </translations>
      <translations lang="ar">
         <translation>رائع</translation>
      </translations>
      <use>
         <example_sentence lang="en">He is a great guide</example_sentence>
         <example_sentence lang="es">Es un guía genial</example_sentence>
      </use>
   </entry>
   <entry section_id="494158145068" section_title="Vocabulario general" section_index="1">
      <lemma_variations>
         <lemma part_of_speech="noun">partido</lemma>
         <lemma_with_article>el partido</lemma_with_article>
         <singular_masculine>partido</singular_masculine>
         <plural_masculine>partidos</plural_masculine>
      </lemma_variations>
      <translations lang="en">
         <translation>match</translation>
         <translation_with_article>the match</translation_with_article>
      </translations>
      <translations lang="ar">
         <translation>مباراة</translation>
         <translation_with_article>المباراة</translation_with_article>
      </translations>
      <use>
         <example_sentence lang="en">We are going to watch the match at the stadium</example_sentence>
         <example_sentence lang="es">vamos a ver el partido en el estado</example_sentence>
      </use>
   </entry>
   <entry section_id="494158145068" section_title="Vocabulario general" section_index="1">
      <lemma_variations>
         <lemma part_of_speech="noun">mercado</lemma>
         <lemma_with_article>el mercado</lemma_with_article>
         <singular_masculine>mercado</singular_masculine>
         <plural_masculine>mercados</plural_masculine>
      </lemma_variations>
      <translations lang="en">
         <translation>market</translation>
         <translation_with_article>the market</translation_with_article>
      </translations>
      <translations lang="ar">
         <translation>سوق</translation>
         <translation_with_article>السوق</translation_with_article>
      </translations>
      <use>
         <example_sentence lang="en">We are going to the market to get fruit</example_sentence>
         <example_sentence lang="es">Vamos al mercado a por fruta</example_sentence>
      </use>
   </entry>
   <entry section_id="494158145068" section_title="Vocabulario general" section_index="1">
      <lemma_variations>
         <lemma part_of_speech="noun">pirámide</lemma>
         <lemma_with_article>la pirámide</lemma_with_article>
         <singular_feminine>pirámide</singular_feminine>
         <plural_feminine>pirámides</plural_feminine>
      </lemma_variations>
      <translations lang="en">
         <translation>pyramid</translation>
         <translation_with_article>the pyramid</translation_with_article>
      </translations>
      <translations lang="ar">
         <translation>هرم</translation>
         <translation_with_article>الهرم</translation_with_article>
      </translations>
      <use>
         <example_sentence lang="en">The pyramids receive visits from lots of tourists</example_sentence>
         <example_sentence lang="es">Las pirámides reciben visitas de muchos turistas</example_sentence>
      </use>
   </entry>
   <entry section_id="494158145068" section_title="Vocabulario general" section_index="1">
      <lemma_variations>
         <lemma part_of_speech="noun">regalo</lemma>
         <lemma_with_article>el regalo</lemma_with_article>
         <singular_masculine>regalo</singular_masculine>
         <plural_masculine>regalos</plural_masculine>
      </lemma_variations>
      <translations lang="en">
         <translation>present/gift</translation>
         <translation_with_article>the present/gift</translation_with_article>
      </translations>
      <translations lang="ar">
         <translation>هديَّة</translation>
         <translation_with_article>الهديَّة</translation_with_article>
      </translations>
      <use>
         <example_sentence lang="en">I got many presents on my birthday</example_sentence>
         <example_sentence lang="es">Recibí muchos regalos en mi cumpleaños</example_sentence>
      </use>
   </entry>
</vocabulary>
