<?xml version="1.0" ?>
<vocabulary session_id="869149368197" grade="11" country="eg" l1="ar" l2="es" session_index="11" session_title="El viernes" course_id="940190256794" term="2">
   <entry section_id="840176245720" section_title="Actividades de tiempo libre" section_index="1">
      <lemma_variations>
         <lemma part_of_speech="verb phrase">montar en bici</lemma>
      </lemma_variations>
      <translations lang="en">
         <translation>to ride a bike</translation>
      </translations>
      <translations lang="ar">
         <translation>يركب درَّاجة</translation>
      </translations>
      <use>
         <example_sentence lang="en">I love riding a bike</example_sentence>
         <example_sentence lang="es">Me encanta montar en bici</example_sentence>
      </use>
   </entry>
   <entry section_id="840176245720" section_title="Actividades de tiempo libre" section_index="1">
      <lemma_variations>
         <lemma part_of_speech="verb phrase">pasear</lemma>
      </lemma_variations>
      <translations lang="en">
         <translation>to walk/stroll</translation>
      </translations>
      <translations lang="ar">
         <translation>يمشي</translation>
      </translations>
      <use>
         <example_sentence lang="en">I love walking in the park</example_sentence>
         <example_sentence lang="es">Me encanta pasear por el parque</example_sentence>
      </use>
   </entry>
   <entry section_id="840176245720" section_title="Actividades de tiempo libre" section_index="1">
      <lemma_variations>
         <lemma part_of_speech="verb phrase">ir al cine</lemma>
      </lemma_variations>
      <translations lang="en">
         <translation>to go to the cinema</translation>
      </translations>
      <translations lang="ar">
         <translation>يذهب إلى السينما</translation>
      </translations>
      <use>
         <example_sentence lang="en">I love going to the cinema</example_sentence>
         <example_sentence lang="es">Me encanta ir al cine</example_sentence>
      </use>
   </entry>
   <entry section_id="840176245720" section_title="Actividades de tiempo libre" section_index="1">
      <lemma_variations>
         <lemma part_of_speech="verb phrase">jugar al fútbol</lemma>
      </lemma_variations>
      <translations lang="en">
         <translation>to play football</translation>
      </translations>
      <translations lang="ar">
         <translation>يلعب كرة القدم</translation>
      </translations>
      <use>
         <example_sentence lang="en">I love playing football</example_sentence>
         <example_sentence lang="es">Me encanta jugar al fútbol</example_sentence>
      </use>
   </entry>
   <entry section_id="840176245720" section_title="Actividades de tiempo libre" section_index="1">
      <lemma_variations>
         <lemma part_of_speech="verb phrase">comer en un restaurante</lemma>
      </lemma_variations>
      <translations lang="en">
         <translation>to eat at a restaurant</translation>
      </translations>
      <translations lang="ar">
         <translation>يتناول الطعام في مطعم</translation>
      </translations>
      <use>
         <example_sentence lang="en">I love eating at a restaurant</example_sentence>
         <example_sentence lang="es">Me encanta comer en un restaurante</example_sentence>
      </use>
   </entry>
   <entry section_id="840176245720" section_title="Actividades de tiempo libre" section_index="1">
      <lemma_variations>
         <lemma part_of_speech="verb">dibujar</lemma>
      </lemma_variations>
      <translations lang="en">
         <translation>to draw</translation>
      </translations>
      <translations lang="ar">
         <translation>يرسم</translation>
      </translations>
      <use>
         <example_sentence lang="en">I love drawing</example_sentence>
         <example_sentence lang="es">Me encanta dibujar</example_sentence>
      </use>
   </entry>
   <entry section_id="840176245720" section_title="Actividades de tiempo libre" section_index="1">
      <lemma_variations>
         <lemma part_of_speech="verb phrase">ir al zoo</lemma>
      </lemma_variations>
      <translations lang="en">
         <translation>to go to the zoo</translation>
      </translations>
      <translations lang="ar">
         <translation>يذهب إلى حديقة الحيوان</translation>
      </translations>
      <use>
         <example_sentence lang="en">I love going to the zoo</example_sentence>
         <example_sentence lang="es">Me encanta ir al zoo</example_sentence>
      </use>
   </entry>
   <entry section_id="840176245720" section_title="Actividades de tiempo libre" section_index="1">
      <lemma_variations>
         <lemma part_of_speech="verb phrase">navegar por internet</lemma>
      </lemma_variations>
      <translations lang="en">
         <translation>to surf the internet</translation>
      </translations>
      <translations lang="ar">
         <translation>يتصفَّح الإنترنت</translation>
      </translations>
      <use>
         <example_sentence lang="en">I love surfing the internet</example_sentence>
         <example_sentence lang="es">Me encanta navegar por internet</example_sentence>
      </use>
   </entry>
   <entry section_id="840176245720" section_title="Actividades de tiempo libre" section_index="1">
      <lemma_variations>
         <lemma part_of_speech="verb phrase">escuchar música</lemma>
      </lemma_variations>
      <translations lang="en">
         <translation>to listen to music</translation>
      </translations>
      <translations lang="ar">
         <translation>يستمع إلى الموسيقى</translation>
      </translations>
      <use>
         <example_sentence lang="en">I love listening to music</example_sentence>
         <example_sentence lang="es">Me encanta escuchar música</example_sentence>
      </use>
   </entry>
   <entry section_id="840176245720" section_title="Actividades de tiempo libre" section_index="1">
      <lemma_variations>
         <lemma part_of_speech="verb phrase">cantar una canción</lemma>
      </lemma_variations>
      <translations lang="en">
         <translation>to sing a song</translation>
      </translations>
      <translations lang="ar">
         <translation>يُغنِّي أغنية</translation>
      </translations>
      <use>
         <example_sentence lang="en">I love singing a song</example_sentence>
         <example_sentence lang="es">Me encanta cantar una canción</example_sentence>
      </use>
   </entry>
   <entry section_id="840176245720" section_title="Actividades de tiempo libre" section_index="1">
      <lemma_variations>
         <lemma part_of_speech="verb phrase">estudiar idiomas</lemma>
      </lemma_variations>
      <translations lang="en">
         <translation>to study languages</translation>
      </translations>
      <translations lang="ar">
         <translation>يدرس لغات</translation>
      </translations>
      <use>
         <example_sentence lang="en">I love studying languages</example_sentence>
         <example_sentence lang="es">Me encanta estudiar idiomas</example_sentence>
      </use>
   </entry>
   <entry section_id="840176245720" section_title="Actividades de tiempo libre" section_index="1">
      <lemma_variations>
         <lemma part_of_speech="verb phrase">ir de compras</lemma>
      </lemma_variations>
      <translations lang="en">
         <translation>to go shopping</translation>
      </translations>
      <translations lang="ar">
         <translation>يذهب للتسوُّق</translation>
      </translations>
      <use>
         <example_sentence lang="en">I love going shopping</example_sentence>
         <example_sentence lang="es">Me encanta ir de compras</example_sentence>
      </use>
   </entry>
   <entry section_id="840176245720" section_title="Actividades de tiempo libre" section_index="1">
      <lemma_variations>
         <lemma part_of_speech="verb phrase">nadar en la piscina</lemma>
      </lemma_variations>
      <translations lang="en">
         <translation>to swim in the pool</translation>
      </translations>
      <translations lang="ar">
         <translation>يسبح في المسبح</translation>
      </translations>
      <use>
         <example_sentence lang="en">I love swimming in the pool</example_sentence>
         <example_sentence lang="es">Me encanta nada en la piscina</example_sentence>
      </use>
   </entry>
   <entry section_id="840176245720" section_title="Actividades de tiempo libre" section_index="1">
      <lemma_variations>
         <lemma part_of_speech="verb phrase">salir con los amigos</lemma>
      </lemma_variations>
      <translations lang="en">
         <translation>to go out with friends</translation>
      </translations>
      <translations lang="ar">
         <translation>يخرج مع الأصدقاء</translation>
      </translations>
      <use>
         <example_sentence lang="en">I love going out with friends</example_sentence>
         <example_sentence lang="es">Me encanta salir con los amigos</example_sentence>
      </use>
   </entry>
   <entry section_id="840176245720" section_title="Actividades de tiempo libre" section_index="1">
      <lemma_variations>
         <lemma part_of_speech="verb phrase">tocar el piano</lemma>
      </lemma_variations>
      <translations lang="en">
         <translation>to play the piano</translation>
      </translations>
      <translations lang="ar">
         <translation>يعزف على البيانو</translation>
      </translations>
      <use>
         <example_sentence lang="en">I love playing the piano</example_sentence>
         <example_sentence lang="es">Me encanta tocar el piano</example_sentence>
      </use>
   </entry>
   <entry section_id="840176245720" section_title="Actividades de tiempo libre" section_index="1">
      <lemma_variations>
         <lemma part_of_speech="verb phrase">ver la tele</lemma>
      </lemma_variations>
      <translations lang="en">
         <translation>to watch TV</translation>
      </translations>
      <translations lang="ar">
         <translation>يُشاهِد التلفاز</translation>
      </translations>
      <use>
         <example_sentence lang="en">I love watching TV</example_sentence>
         <example_sentence lang="es">Me encanta ver la tele</example_sentence>
      </use>
   </entry>
   <entry section_id="840176245720" section_title="Actividades de tiempo libre" section_index="1">
      <lemma_variations>
         <lemma part_of_speech="verb phrase">hacer deporte</lemma>
      </lemma_variations>
      <translations lang="en">
         <translation>to do sport</translation>
      </translations>
      <translations lang="ar">
         <translation>يُمارِس الرياضة</translation>
      </translations>
      <use>
         <example_sentence lang="en">I love doing sport</example_sentence>
         <example_sentence lang="es">Me encanta hacer deporte</example_sentence>
      </use>
   </entry>
   <entry section_id="840176245720" section_title="Actividades de tiempo libre" section_index="1">
      <lemma_variations>
         <lemma part_of_speech="verb">nadar</lemma>
      </lemma_variations>
      <translations lang="en">
         <translation>to swim</translation>
      </translations>
      <translations lang="ar">
         <translation>يسبح</translation>
      </translations>
      <use>
         <example_sentence lang="en">I swim on Thursdays</example_sentence>
         <example_sentence lang="es">Nado los jueves</example_sentence>
      </use>
   </entry>
   <entry section_id="840176245720" section_title="Actividades de tiempo libre" section_index="1">
      <lemma_variations>
         <lemma part_of_speech="verb">cantar</lemma>
      </lemma_variations>
      <translations lang="en">
         <translation>to sing</translation>
      </translations>
      <translations lang="ar">
         <translation>يُغنِّي</translation>
      </translations>
      <use>
         <example_sentence lang="en">I sing opera</example_sentence>
         <example_sentence lang="es">Canto ópera</example_sentence>
      </use>
   </entry>
   <entry section_id="840176245720" section_title="Actividades de tiempo libre" section_index="1">
      <lemma_variations>
         <lemma part_of_speech="verb">comprar</lemma>
      </lemma_variations>
      <translations lang="en">
         <translation>to buy</translation>
      </translations>
      <translations lang="ar">
         <translation>يشتري</translation>
      </translations>
      <use>
         <example_sentence lang="en">We are going to buy a new car</example_sentence>
         <example_sentence lang="es">Vamos a comprar un coche nuevo</example_sentence>
      </use>
   </entry>
   <entry section_id="840176245720" section_title="Actividades de tiempo libre" section_index="1">
      <lemma_variations>
         <lemma part_of_speech="verb">salir</lemma>
      </lemma_variations>
      <translations lang="en">
         <translation>to go out</translation>
      </translations>
      <translations lang="ar">
         <translation>يخرج</translation>
      </translations>
      <use>
         <example_sentence lang="en">We always go out in the centre</example_sentence>
         <example_sentence lang="es">Siempre salimos por el centro</example_sentence>
      </use>
   </entry>
   <entry section_id="840176245720" section_title="Actividades de tiempo libre" section_index="1">
      <lemma_variations>
         <lemma part_of_speech="verb">visitar</lemma>
      </lemma_variations>
      <translations lang="en">
         <translation>to visit</translation>
      </translations>
      <translations lang="ar">
         <translation>يزور</translation>
      </translations>
      <use>
         <example_sentence lang="en">We are going to visit the pyramid</example_sentence>
         <example_sentence lang="es">Vamos a visitar la pirámide</example_sentence>
      </use>
   </entry>
   <entry section_id="358178910197" section_title="Expresiones de tiempo y preguntas" section_index="2">
      <lemma_variations>
         <lemma part_of_speech="pronoun">qué</lemma>
      </lemma_variations>
      <translations lang="en">
         <translation>what</translation>
      </translations>
      <translations lang="ar">
         <translation>ماذا</translation>
      </translations>
      <use>
         <example_sentence lang="en">What are you doing?</example_sentence>
         <example_sentence lang="es">¿Qué haces?</example_sentence>
      </use>
   </entry>
   <entry section_id="358178910197" section_title="Expresiones de tiempo y preguntas" section_index="2">
      <lemma_variations>
         <lemma part_of_speech="adverb">dónde</lemma>
      </lemma_variations>
      <translations lang="en">
         <translation>where</translation>
      </translations>
      <translations lang="ar">
         <translation>أين</translation>
      </translations>
      <use>
         <example_sentence lang="en">Where are you going?</example_sentence>
         <example_sentence lang="es">¿Dónde vas?</example_sentence>
      </use>
   </entry>
   <entry section_id="358178910197" section_title="Expresiones de tiempo y preguntas" section_index="2">
      <lemma_variations>
         <lemma part_of_speech="adverb">cuándo</lemma>
      </lemma_variations>
      <translations lang="en">
         <translation>when</translation>
      </translations>
      <translations lang="ar">
         <translation>متى</translation>
      </translations>
      <use>
         <example_sentence lang="en">When will you come?</example_sentence>
         <example_sentence lang="es">¿Cuándo vienes?</example_sentence>
      </use>
   </entry>
   <entry section_id="358178910197" section_title="Expresiones de tiempo y preguntas" section_index="2">
      <lemma_variations>
         <lemma part_of_speech="adverb">cómo</lemma>
      </lemma_variations>
      <translations lang="en">
         <translation>how</translation>
      </translations>
      <translations lang="ar">
         <translation>كيف</translation>
      </translations>
      <use>
         <example_sentence lang="en">How are you?</example_sentence>
         <example_sentence lang="es">¿Cómo estás?</example_sentence>
      </use>
   </entry>
   <entry section_id="358178910197" section_title="Expresiones de tiempo y preguntas" section_index="2">
      <lemma_variations>
         <lemma part_of_speech="adverb">con quién</lemma>
      </lemma_variations>
      <translations lang="en">
         <translation>with who</translation>
      </translations>
      <translations lang="ar">
         <translation>مع مَن</translation>
      </translations>
      <use>
         <example_sentence lang="en">Who are you going to the party with?</example_sentence>
         <example_sentence lang="es">¿Con quién vas a la fiesta?</example_sentence>
      </use>
   </entry>
   <entry section_id="358178910197" section_title="Expresiones de tiempo y preguntas" section_index="2">
      <lemma_variations>
         <lemma part_of_speech="adverb">cuánto</lemma>
      </lemma_variations>
      <translations lang="en">
         <translation>how much</translation>
      </translations>
      <translations lang="ar">
         <translation>كم</translation>
      </translations>
      <use>
         <example_sentence lang="en">How much does the dress cost?</example_sentence>
         <example_sentence lang="es">¿Cuánto cuesta el vestido?</example_sentence>
      </use>
   </entry>
   <entry section_id="358178910197" section_title="Expresiones de tiempo y preguntas" section_index="2">
      <lemma_variations>
         <lemma part_of_speech="expression">cuánto tiempo</lemma>
      </lemma_variations>
      <translations lang="en">
         <translation>how long</translation>
      </translations>
      <translations lang="ar">
         <translation>كم تستمرُّ</translation>
      </translations>
      <use>
         <example_sentence lang="en">How long will you be on holidays?</example_sentence>
         <example_sentence lang="es">¿Cuánto tiempo estarás de vacaciones?</example_sentence>
      </use>
   </entry>
   <entry section_id="358178910197" section_title="Expresiones de tiempo y preguntas" section_index="2">
      <lemma_variations>
         <lemma part_of_speech="adverb">quiénes</lemma>
      </lemma_variations>
      <translations lang="en">
         <translation>who?</translation>
      </translations>
      <translations lang="ar">
         <translation>مَنْ هم؟</translation>
      </translations>
      <use>
         <example_sentence lang="en">Who are your teachers?</example_sentence>
         <example_sentence lang="es">¿Quiénes son tus profesores?</example_sentence>
      </use>
   </entry>
   <entry section_id="358178910197" section_title="Expresiones de tiempo y preguntas" section_index="2">
      <lemma_variations>
         <lemma part_of_speech="adverb">adónde</lemma>
      </lemma_variations>
      <translations lang="en">
         <translation>where to</translation>
      </translations>
      <translations lang="ar">
         <translation>إلى أين</translation>
      </translations>
      <use>
         <example_sentence lang="en">Where are you going?</example_sentence>
         <example_sentence lang="es">¿Adónde vas?</example_sentence>
      </use>
   </entry>
</vocabulary>
