<?xml version="1.0" ?>
<activity id="816151548523" type="missing_letters" l2="es" l1="ar" version="1" n_voices="4">
   <course_name>spanish</course_name>
   <title_prefix>حروف ناقصة</title_prefix>
   <title>Expresiones de tiempo y preguntas</title>
   <theme>Expresiones de tiempo y preguntas</theme>
   <description>استمع ثم اكتب الحروف الناقصة.</description>
   <words>
      <word id="8955640b674e0ee434e0aa8ca403c779" number_of_missing_letters="1" audio_id="184159569530">anoche</word>
      <word id="4e9ced69dd87a8329ba3d63912ae5028" number_of_missing_letters="1" audio_id="175172632736">ayer</word>
      <word id="dcc49a2b30c07d90a33cc677717b7b97" number_of_missing_letters="1" audio_id="304143014873">después</word>
      <word id="b0074f3ce87ea7c90e5275cc3b4b2ddb" number_of_missing_letters="1" audio_id="602159498926">el año pasado</word>
      <word id="8e5524689961a5baff8e5f972bf2391a" number_of_missing_letters="1" audio_id="717108924935">el mes pasado</word>
      <word id="c04f863b8f947d515c6b696a54f491e9" number_of_missing_letters="1" audio_id="765168504059">hace un mes</word>
      <word id="750e2a8074ce6d3d62631ab266c019bb" number_of_missing_letters="1" audio_id="178181080737">hace unos días</word>
      <word id="4834427ea084770f59e3486ada90955d" number_of_missing_letters="1" audio_id="718167278184">la semana pasada</word>
      <word id="5f17580974a1a9fc814f0f244b6631d7" number_of_missing_letters="1" audio_id="936160672938">la semana que viene</word>
      <word id="ed63a426238de4ce097a592b671f064b" number_of_missing_letters="1" audio_id="835108145194">luego</word>
      <word id="4160bd1200503fcfefaab036925be3d7" number_of_missing_letters="1" audio_id="349183431793">por último</word>
      <word id="21cc71e18dabd6f4055fb0a4205e7e2a" number_of_missing_letters="1" audio_id="298193572423">primero</word>
      <word id="375bd421ff6580e091fad59c4e6a1bda" number_of_missing_letters="1" audio_id="325158712065">último</word>
   </words>
</activity>
