<?xml version="1.0" ?>
<activity id="243158634364" type="missing_letters" l2="es" l1="ar" version="1" n_voices="4">
   <course_name>spanish</course_name>
   <title_prefix>حروف ناقصة</title_prefix>
   <title>Vocabulario general</title>
   <theme>Vocabulario general</theme>
   <description>استمع ثم اكتب الحروف الناقصة.</description>
   <words>
      <word id="a443ec087ddc8f67957022f722abd918" number_of_missing_letters="1" audio_id="430139808745">abrir</word>
      <word id="750861e6cfdbc6955155a29ce7501f00" number_of_missing_letters="1" audio_id="962186321812">cajero</word>
      <word id="d72f3a8fa80a4649ce2c1cc3f0230c37" number_of_missing_letters="1" audio_id="368196906821">calentar</word>
      <word id="2daa838edd417da0e2a0d5268430e1a8" number_of_missing_letters="1" audio_id="249148560801">cerrar</word>
      <word id="308081ac5593427790ba5e7a1cabe5fc" number_of_missing_letters="1" audio_id="875136141390">contestar</word>
      <word id="07216d615877f030670093ac25e64a61" number_of_missing_letters="1" audio_id="693108956312">corto</word>
      <word id="a497d254e5062dfdf209c678260fd3ed" number_of_missing_letters="1" audio_id="842152521834">delgado</word>
      <word id="57a17ef519927a183da873931a2a3bf7" number_of_missing_letters="1" audio_id="847163562986">desconectar</word>
      <word id="289c8790e960bd6f089e3199afd17af5" number_of_missing_letters="1" audio_id="480108082732">empresa</word>
      <word id="f87cea9b30739cae2f89ae4d60d87bcb" number_of_missing_letters="1" audio_id="732153532914">grave</word>
      <word id="20a7aea0fd0334bf31904a813126068d" number_of_missing_letters="1" audio_id="529167907120">jarabe</word>
      <word id="77501a603e532cf51b10498f3df39b06" number_of_missing_letters="1" audio_id="425197647020">limpio</word>
      <word id="f530ef14b90443dcf14954bda00997d7" number_of_missing_letters="1" audio_id="967183091379">llamada</word>
      <word id="498e8a7e7785887b6ce9d04d25151a7c" number_of_missing_letters="1" audio_id="829168392562">llamar</word>
      <word id="1b763b073e32af9d231456b75de0b1cf" number_of_missing_letters="1" audio_id="698153063417">llevar</word>
      <word id="c248861919e734a59c12234b01d7063c" number_of_missing_letters="1" audio_id="238147873457">luz</word>
      <word id="31543798f07f1a700da663eed02179f2" number_of_missing_letters="1" audio_id="593180435973">medicina</word>
      <word id="4c681789234cb03a9ad58fa3f453cfaf" number_of_missing_letters="1" audio_id="593175974520">médico</word>
      <word id="d4d00a1e3b8a851b0ed66b5943b43506" number_of_missing_letters="1" audio_id="727185275354">pantalla</word>
      <word id="afed628584657b8f018a6af36a30f532" number_of_missing_letters="1" audio_id="975184291606">pastilla</word>
      <word id="30e44e57278a23dc4f4113f4c0386247" number_of_missing_letters="1" audio_id="138134963751">recado</word>
      <word id="c0f245597fff97b8f1cf341eb23379d0" number_of_missing_letters="1" audio_id="984149541032">recetar</word>
      <word id="5168f0635f0f7e0c9ab2d85df565b569" number_of_missing_letters="1" audio_id="689108436192">roto</word>
      <word id="3954c6e53693438a3042100dbddb34cc" number_of_missing_letters="1" audio_id="383159863527">soltar el aire</word>
      <word id="ac06f458c72d5caa83712829e562002d" number_of_missing_letters="1" audio_id="838139216218">sucio</word>
      <word id="683e9d374a14367d4f85de34449edab4" number_of_missing_letters="1" audio_id="184175608564">teléfono</word>
      <word id="509d8434f964e74ac5ccaed1a133fe6f" number_of_missing_letters="1" audio_id="345152925938">tomar</word>
   </words>
</activity>
