<?xml version="1.0" ?>
<activity id="494186026581" type="missing_letters" l2="es" l1="ar" version="1" n_voices="4">
   <course_name>spanish</course_name>
   <title_prefix>حروف ناقصة</title_prefix>
   <title>Vocabulario general</title>
   <theme>Vocabulario general</theme>
   <description>استمع ثم اكتب الحروف الناقصة.</description>
   <words>
      <word id="f6a96616da8b84c37e308bf5cb1aa4c4" number_of_missing_letters="1" audio_id="804153815315">aún no</word>
      <word id="40509d62fd37630a001e47fce59b0df0" number_of_missing_letters="1" audio_id="319131725860">casi nada</word>
      <word id="a24b730ca59431a677dc8397190a6ead" number_of_missing_letters="1" audio_id="367189141535">contra</word>
      <word id="182245ce5a941629464e8521b0c0a010" number_of_missing_letters="1" audio_id="356131258207">cumpleaños</word>
      <word id="77d905ba184e9a8d0991b97dec07d2f1" number_of_missing_letters="1" audio_id="647163952571">decir</word>
      <word id="a0d9ef8902750e3c7b96cdb6dce111a2" number_of_missing_letters="1" audio_id="782168762928">esta mañana</word>
      <word id="99e8c4bd1346da5ca23bd1cef8adfd4c" number_of_missing_letters="1" audio_id="157160701328">esta semana</word>
      <word id="22c51730fb0d486be8297dc6d8e37a08" number_of_missing_letters="1" audio_id="893126382463">este fin de semana</word>
      <word id="34307701047e253ce58f77267e4d5f3b" number_of_missing_letters="1" audio_id="135173816435">exposición</word>
      <word id="59dc5eeffc078c3188a78f0d0ba10bed" number_of_missing_letters="1" audio_id="682142679317">hacer</word>
      <word id="c12dfff09d7710ee8591dc545977cd9e" number_of_missing_letters="1" audio_id="296174182128">pronto</word>
      <word id="c953c02696114b2e8d234c83804628ed" number_of_missing_letters="1" audio_id="585123127076">todavía no</word>
      <word id="38aee6c6a412b94deaa525105c19c53d" number_of_missing_letters="1" audio_id="123130982754">ya</word>
   </words>
</activity>
