<?xml version="1.0" ?>
<activity id="176168654017" type="missing_letters" l2="es" l1="ar" version="1" n_voices="4">
   <course_name>spanish</course_name>
   <title_prefix>حروف ناقصة</title_prefix>
   <title>Salud y emociones</title>
   <theme>Salud y emociones</theme>
   <description>استمع ثم اكتب الحروف الناقصة.</description>
   <words>
      <word id="790ac599cdaab02b55fb26c5a5cf2572" number_of_missing_letters="1" audio_id="197129862371">doler</word>
      <word id="a7847cf04657536c39de8a30630f6fc3" number_of_missing_letters="1" audio_id="508171768034">fumar</word>
      <word id="aba92ef3e41099f302f5336a72c32d7b" number_of_missing_letters="1" audio_id="693121515341">parecer</word>
      <word id="0472202d59f4332afdbbc405c045160e" number_of_missing_letters="1" audio_id="957150864510">respirar</word>
      <word id="2d4316acf1953a3eb898e73e90359b6c" number_of_missing_letters="1" audio_id="657136898321">respirar hondo</word>
      <word id="18b92ec429348fe545f780d0dedd8148" number_of_missing_letters="1" audio_id="592135806414">sacar</word>
      <word id="97efa843b70430709b9276290163c078" number_of_missing_letters="1" audio_id="305146059548">saltar</word>
   </words>
</activity>
