<?xml version="1.0" ?>
<activity id="947141917484" type="pronunciation" l2="es" l1="ar" version="1" n_voices="4">
   <course_name>spanish</course_name>
   <title_prefix>نُطْق</title_prefix>
   <title>Partes del cuerpo</title>
   <theme>Partes del cuerpo</theme>
   <description>استمع ثم كرِّر.</description>
   <words>
      <word id="df8712bc0503db03214ed13683b26849" audio_id="936198365972">boca</word>
      <word id="62a025dfb4706ea154747d97e4ad5718" audio_id="925129136962">brazo</word>
      <word id="8195580cb753ef4ab62ca8b9b951f3df" audio_id="969175602082">cabeza</word>
      <word id="89fdeea30d71ec746a5ee5dd575bb3b7" audio_id="426161414353">cara</word>
      <word id="0da093918b2748e3c3205ea218833c01" audio_id="925154949270">cuello</word>
      <word id="049e1ce16f26e270561499fb132e8b25" audio_id="732172646380">cuerpo</word>
      <word id="a96dfaa904f4d7267a272ccddab10998" audio_id="949142310407">dedo</word>
      <word id="ae633dfa56a6c54b9e7534ea4490541d" audio_id="295183939292">diente</word>
      <word id="b6e2a176b72ce7026b228ef5c401bc10" audio_id="806152070313">dolor de cabeza</word>
      <word id="6bbb590b92b0a5f075751839d9ab282b" audio_id="693146184568">espalda</word>
      <word id="92f949e947aa13ea17eb93d486a66754" audio_id="694120143184">estómago</word>
      <word id="e199f7f27f5722c60effc1c9f680e568" audio_id="208107836503">garganta</word>
      <word id="0a650d64c298b6e508d437d1fa3d71f1" audio_id="867142949635">hombro</word>
      <word id="17f9a09294accadd62db47c56524a028" audio_id="468152704602">labio</word>
      <word id="dc112c3c2d96ffc10996da3fbecc05f0" audio_id="123124579863">lengua</word>
      <word id="20ca7b1a8aca6c5bfff911ce53bfeefc" audio_id="964147262802">mano</word>
      <word id="a67c4e70d7e28de936510e580b99ee8d" audio_id="186134740862">muela</word>
      <word id="a0063844746b910d4d91a78f0f4c0d49" audio_id="930193068635">nariz</word>
      <word id="78d2163d714d260eff60ae5fd0d9d872" audio_id="514158712816">ojo</word>
      <word id="e5219fbcd05a9c6fb3155e558fee4905" audio_id="570180892829">oreja</word>
      <word id="4511efaacd33e4d49890d8dc8fb615da" audio_id="787192141015">oído</word>
      <word id="5e8eb9885861440aba7db0eb5908939a" audio_id="219194367958">pie</word>
      <word id="c50823f6451fefb7f7e52ce5c3ea09bb" audio_id="327159306851">pierna</word>
      <word id="1bf8d818648dbaa983ed5f375d6a92da" audio_id="969179018482">rodilla</word>
   </words>
</activity>
