<?xml version="1.0" ?>
<activity id="528109720769" type="spelling" l2="es" l1="ar" version="1" n_voices="4">
   <course_name>spanish</course_name>
   <title_prefix>هجاء الكلمات</title_prefix>
   <title>Expresiones de tiempo y preguntas</title>
   <theme>Expresiones de tiempo y preguntas</theme>
   <description>استمع ثم اكتب الكلمة.</description>
   <words>
      <word id="c4a5444fdd75ba7de43252660713a6b1" audio_id="315147893765">adónde</word>
      <word id="db9f925487cc8c7900ae0da721af37fb" audio_id="657179564393">con quién</word>
      <word id="08edf44482e31d115dec52ca3a6da8ea" audio_id="672120238287">cuándo</word>
      <word id="5d583ba31a27a4fb842747ed6a9d5e9d" audio_id="348193082518">cuánto</word>
      <word id="6c17716d07aeaf8b914e9076655f5f1f" audio_id="859173973269">cuánto tiempo</word>
      <word id="ff89f4dbb3a0edad303254862ddc08d3" audio_id="789168394735">cómo</word>
      <word id="e20ec425160e0fdda5de94ae226cf480" audio_id="579151649532">dónde</word>
      <word id="ac4d7fb522612c78f2c131e372bd1e4e" audio_id="525153153927">quiénes</word>
      <word id="f9cf67ec850f8d33d318fdb80fbd6a35" audio_id="363190320901">qué</word>
   </words>
</activity>
