<?xml version="1.0" ?>
<activity id="235104970763" type="spelling" l2="es" l1="ar" version="1" n_voices="4">
   <course_name>spanish</course_name>
   <title_prefix>هجاء الكلمات</title_prefix>
   <title>Actividades de tiempo libre</title>
   <theme>Actividades de tiempo libre</theme>
   <description>استمع ثم اكتب الكلمة.</description>
   <words>
      <word id="b26e0449974cfcf8b424a3463b79b632" audio_id="517193636532">cantar</word>
      <word id="dc9a9b3da2f254e23ca5e1f030232cc1" audio_id="325184807467">cantar una canción</word>
      <word id="64d12047eca6e33b87352a2597692f71" audio_id="959143502131">comer en un restaurante</word>
      <word id="bbddb12530a8689c10816e791f27c178" audio_id="206120362621">comprar</word>
      <word id="42c730bee2773a663635126b6fee5f8f" audio_id="549149742176">dibujar</word>
      <word id="51d401cc4e80a7c0bea2a7d874d4fc1f" audio_id="605148390254">escuchar música</word>
      <word id="55ab67694e7a4f04d9c02e8c3e1bad1a" audio_id="683120431785">estudiar idiomas</word>
      <word id="570c31de97497b1012033becbf92299a" audio_id="617198280836">hacer deporte</word>
      <word id="a98e65c111abe28d02a1fb869c728790" audio_id="428183120848">ir al cine</word>
      <word id="6a9a5c90de5a4844fb8c255e25f01b87" audio_id="285101096740">ir al zoo</word>
      <word id="60cf972e791464a84d2f5620aca7aff3" audio_id="916198186432">ir de compras</word>
      <word id="b1aa57dacc3cb93e620b6bd82cb5a3e0" audio_id="235102106948">jugar al fútbol</word>
      <word id="38c097d9b2624941e8645eb2e7829e65" audio_id="848171037413">montar en bici</word>
      <word id="a28c82a176198440a16bb30a8260f2e7" audio_id="345193132821">nadar</word>
      <word id="2d1ca10f3125cabe4bde71702753b2a2" audio_id="842109370808">nadar en la piscina</word>
      <word id="dada587d75b144261f94076e884820dc" audio_id="158157563162">navegar por internet</word>
      <word id="cc68c2d0e28b4540944f28add1f2f28e" audio_id="590156172981">pasear</word>
      <word id="1151fba9aa4f198c39da632f8dfc299f" audio_id="289185864721">salir</word>
      <word id="e0819adb60e141552f026e8cc927ad9c" audio_id="390163616763">salir con los amigos</word>
      <word id="e3c6ac03ebb966f278c096978c171637" audio_id="310172756439">tocar el piano</word>
      <word id="06387dcc32e6e1dfa6b14b0b2d42057a" audio_id="607170614596">ver la tele</word>
      <word id="95e8d1cdfbfc3d4d3b39c44618609319" audio_id="162109301629">visitar</word>
   </words>
</activity>
