<?xml version="1.0" ?>
<activity id="265173272049" type="pronunciation" l2="es" l1="ar" version="1" n_voices="4">
   <course_name>spanish</course_name>
   <title_prefix>نُطْق</title_prefix>
   <title>Salud y emociones</title>
   <theme>Salud y emociones</theme>
   <description>استمع ثم كرِّر.</description>
   <words>
      <word id="49ee6bbcb3f4cd63d92f836d8ed5c2b3" audio_id="154181063617">encontrarse</word>
      <word id="96033b47f53cadc417ccca3d11567df1" audio_id="565161817848">estar cansada</word>
      <word id="5bf127ecdce1530d6f206fee6dd03270" audio_id="623146050681">estar contenta</word>
      <word id="0aaa40d36b371a46f608522d65f03bb2" audio_id="246103939462">estar enferma</word>
      <word id="1717e6f6a5ff54497db315ece632ee18" audio_id="567126939072">estar nerviosa</word>
      <word id="11cec2b6d1f44dbb8fb08832d8524949" audio_id="376130235436">estar preocupada</word>
      <word id="397990d19ee8610b0f13c4d18abffa96" audio_id="656164953930">estar resfriada</word>
      <word id="eb5238bf182209f95d31b88d5088b20c" audio_id="695102595258">estar triste</word>
      <word id="0127816c9034d2ccde27e37bf8800c19" audio_id="924182173818">sentirse</word>
      <word id="c868e2ea4f8bbcbd8f976d27de276d61" audio_id="287132184920">tener calor</word>
      <word id="c4372505cc3593c7a4ecebe456ecd8f7" audio_id="626163481918">tener fiebre</word>
      <word id="e1aae1100156973c5797711fbe886c9a" audio_id="386105060398">tener frío</word>
      <word id="5fb06cdeabc14acea7abdd16a00d3fa4" audio_id="407124212421">tener gripe</word>
      <word id="276b790ce456fdb94e28361ed7b4d99e" audio_id="830173632496">tener hambre</word>
      <word id="e35c7062c8ad6e05fbf21c3a803fae36" audio_id="575179898231">tener sed</word>
      <word id="3cc931da7ae60d12026d81503040c6dc" audio_id="625140849237">tener sueño</word>
   </words>
</activity>
