<?xml version="1.0" ?>
<activity id="574179294831" type="pronunciation" l2="es" l1="ar" version="1" n_voices="4">
   <course_name>spanish</course_name>
   <title_prefix>نُطْق</title_prefix>
   <title>Actividades de tiempo libre</title>
   <theme>Actividades de tiempo libre</theme>
   <description>استمع ثم كرِّر.</description>
   <words>
      <word id="299855ecc53e6eb5ecdcd9136ac68e8c" audio_id="517193636532">cantar</word>
      <word id="44ad69b559b3d9d9cbb3d860fa6eb457" audio_id="325184807467">cantar una canción</word>
      <word id="f215dfab60f78dbb1e273d7de3b165d0" audio_id="959143502131">comer en un restaurante</word>
      <word id="9578738b6f4dcc89ce185c742001a82b" audio_id="206120362621">comprar</word>
      <word id="bf276f054589ee45883646cf41a2ee73" audio_id="549149742176">dibujar</word>
      <word id="454cb177a448e5cb457a7322be407e52" audio_id="605148390254">escuchar música</word>
      <word id="d50accf85ff36b53166f30d7824502b9" audio_id="683120431785">estudiar idiomas</word>
      <word id="e5023f360c2fd0e9a07cfdcf8f1ce6ec" audio_id="617198280836">hacer deporte</word>
      <word id="03422f768384b19eca0df3d46df4ba88" audio_id="428183120848">ir al cine</word>
      <word id="898ef9e2409a20d9c87d0cf1e0f4dea5" audio_id="285101096740">ir al zoo</word>
      <word id="784a71884ee6e4df7dd7cdd7305b4ba2" audio_id="916198186432">ir de compras</word>
      <word id="b9289f3c375405e3988077708361d6c8" audio_id="235102106948">jugar al fútbol</word>
      <word id="520367a34d5964bc8c6f0bbefebed8d4" audio_id="848171037413">montar en bici</word>
      <word id="78096372ac1452d1b51d3e20b9e3ca1b" audio_id="345193132821">nadar</word>
      <word id="35683afb8044c9d1204ab39a926bb232" audio_id="842109370808">nadar en la piscina</word>
      <word id="583b7c960befb6dd9150f8523baa0fb1" audio_id="158157563162">navegar por internet</word>
      <word id="8e2cef018e8e1d3822439bfccefbb509" audio_id="590156172981">pasear</word>
      <word id="4a4a29732f270a31a8e9e7bb1bfcc70f" audio_id="289185864721">salir</word>
      <word id="25005a1d67cbbc5a02648e491dd35ef6" audio_id="390163616763">salir con los amigos</word>
      <word id="1c06baf235ba34c8f12bad7994aa0d57" audio_id="310172756439">tocar el piano</word>
      <word id="ad7a0de1f630b3a6ba662005dbb64fad" audio_id="607170614596">ver la tele</word>
      <word id="464db757ca9505a9a3084698746d8c88" audio_id="162109301629">visitar</word>
   </words>
</activity>
