<?xml version="1.0" ?>
<activity id="462159701514" type="missing_letters" l2="es" l1="ar" version="1" n_voices="4">
   <course_name>spanish</course_name>
   <title_prefix>حروف ناقصة</title_prefix>
   <title>Vocabulario general</title>
   <theme>Vocabulario general</theme>
   <description>استمع ثم اكتب الحروف الناقصة.</description>
   <words>
      <word id="007823b2f74c5033b6827babacd2ecaa" number_of_missing_letters="1" audio_id="954165348657">cenar</word>
      <word id="baeff06299e919d8d3477cad63323513" number_of_missing_letters="1" audio_id="929195045042">chico</word>
      <word id="bad15aacd50e26c2a77dfb83a645d6d3" number_of_missing_letters="1" audio_id="134185180921">comer</word>
      <word id="fbf377ddb7cd9bfbaeed72d7705b5e24" number_of_missing_letters="1" audio_id="285147197630">conocer</word>
      <word id="00c4adb2588c30ff2b3d1ef9b4d95da3" number_of_missing_letters="1" audio_id="914136746214">desayunar</word>
      <word id="7aee02cee1691a2c7e6b168c9f3d2e57" number_of_missing_letters="1" audio_id="137127512827">ducharse</word>
      <word id="e1cee2672307994d118d4b8c32a966c9" number_of_missing_letters="1" audio_id="634165308529">enseñar</word>
      <word id="ac5b70a67b43cae411648953b900c9f7" number_of_missing_letters="1" audio_id="492103819519">entrenar</word>
      <word id="06f6b2fba9c3ebd3d9e7b172d9431c64" number_of_missing_letters="1" audio_id="925131982345">examen</word>
      <word id="7a93ca9173fa451576a7743117c02a8e" number_of_missing_letters="1" audio_id="745160156381">faraón</word>
      <word id="fb1a6220e82161d5a6b06a997bf0fc94" number_of_missing_letters="1" audio_id="160147209206">fiesta</word>
      <word id="e7ac89f81c44111346e3c57a130cd142" number_of_missing_letters="1" audio_id="847169073142">ganar</word>
      <word id="b0714921026594589e1844dabee965e0" number_of_missing_letters="1" audio_id="472170983758">genial</word>
      <word id="4bdb72a72d24096ef61599e999d6f9db" number_of_missing_letters="1" audio_id="520169039865">hablar por teléfono</word>
      <word id="dcd36cc14440355e54c23f555662a4f8" number_of_missing_letters="1" audio_id="718194191765">jugar</word>
      <word id="4e4e84e811f539bc83bfcefeca37b7fc" number_of_missing_letters="1" audio_id="746151054124">jugar al ordenador</word>
      <word id="cf2422228ed3e87c4809ef642a7b1106" number_of_missing_letters="1" audio_id="498186539034">lavarse los dientes</word>
      <word id="89453f7b5be4f8ceea663c1944c77a17" number_of_missing_letters="1" audio_id="824182739175">llegar</word>
      <word id="e329648afe910a5b52f2cb877fb5b6cc" number_of_missing_letters="1" audio_id="346129510783">mejorar</word>
      <word id="137cbdac7e2a9040a2e34cae65aaad9d" number_of_missing_letters="1" audio_id="712151253758">mercado</word>
      <word id="e8adfafa5f35cea0c2a928a49ef57e99" number_of_missing_letters="1" audio_id="219181328354">monumento</word>
      <word id="62d0f6fdb08f0a5595edcff7e013d26d" number_of_missing_letters="1" audio_id="732173828126">partido</word>
      <word id="2a3797b8bfc37f70d4b2cb2c8b54ffe4" number_of_missing_letters="1" audio_id="807196761696">pirámide</word>
      <word id="219cc133b46b17b5c3a593b26f23ba97" number_of_missing_letters="1" audio_id="169107078470">probar</word>
      <word id="0b38159cd5a0c2f064190ebe1b832eef" number_of_missing_letters="1" audio_id="659192835793">regalo</word>
      <word id="13045dd415fed7563cd41244ef3e4b66" number_of_missing_letters="1" audio_id="609191253531">restaurar</word>
      <word id="a395ba8188a7b8e79aba30b98cb1ff7c" number_of_missing_letters="1" audio_id="607170614596">ver la tele</word>
      <word id="9f87f7fae6ee659287c31b5caaf3da98" number_of_missing_letters="1" audio_id="162109301629">visitar</word>
   </words>
</activity>
