<?xml version="1.0" ?>
<activity id="702121457520" type="pronunciation" l2="es" l1="ar" version="1" n_voices="4">
   <course_name>spanish</course_name>
   <title_prefix>نُطْق</title_prefix>
   <title>Vocabulario general</title>
   <theme>Vocabulario general</theme>
   <description>استمع ثم كرِّر.</description>
   <words>
      <word id="4561ecd0420f9e0154ca7d7366e22fb7" audio_id="954165348657">cenar</word>
      <word id="b10afe159b02800c052396ed4c18217b" audio_id="929195045042">chico</word>
      <word id="0aa53b54458c3a0cc7fe3f36c3f0b11a" audio_id="134185180921">comer</word>
      <word id="2af07061c28dcf6626ecfadc214f0198" audio_id="285147197630">conocer</word>
      <word id="2c11ffd369148cce84cf89fb6d6a9132" audio_id="914136746214">desayunar</word>
      <word id="d1c2468e7edbf1a4f54cf77946a93d53" audio_id="137127512827">ducharse</word>
      <word id="3adeb408728e3d25538c8e9ec063106d" audio_id="634165308529">enseñar</word>
      <word id="4bfa45a88d2a90aac452162d47b5b16a" audio_id="492103819519">entrenar</word>
      <word id="1f7c227cac59605ee74ceac989a3509f" audio_id="925131982345">examen</word>
      <word id="7715707d91bc184fd702663e61383aa3" audio_id="745160156381">faraón</word>
      <word id="c00040a2f6eb21190b753273e62c9210" audio_id="160147209206">fiesta</word>
      <word id="5afdaae35e87efaee782494a3b41c3fd" audio_id="847169073142">ganar</word>
      <word id="41bb7450d639a775a95dbc4f65792604" audio_id="472170983758">genial</word>
      <word id="135e1386ae2cc7ee8849ca850f97cefc" audio_id="520169039865">hablar por teléfono</word>
      <word id="9d1cbe42e4ef46b6e4805f6de73614c8" audio_id="718194191765">jugar</word>
      <word id="1a6846c034425f591c4aa52897ea0dd7" audio_id="746151054124">jugar al ordenador</word>
      <word id="86516219055686f0c0216a5fa22a8a26" audio_id="498186539034">lavarse los dientes</word>
      <word id="2d2f4ad39bcea102ea8460568bcfeec2" audio_id="824182739175">llegar</word>
      <word id="86710ed711c249832334c6d044a724a9" audio_id="346129510783">mejorar</word>
      <word id="9ac39b1e6876ecf9eac3642292e1bf97" audio_id="712151253758">mercado</word>
      <word id="10d5ae7e6e124e88d484c9128524c4c7" audio_id="219181328354">monumento</word>
      <word id="1b5897239627c49b8fc9c572014ceb87" audio_id="732173828126">partido</word>
      <word id="b291fd9db4e7a8d7ae88876bd89dd442" audio_id="807196761696">pirámide</word>
      <word id="7d026bda8014fea8e7b79342c0909b2c" audio_id="169107078470">probar</word>
      <word id="c659db894dff18160e65421372a2f004" audio_id="659192835793">regalo</word>
      <word id="0f660903bd12fa52cfe4b9ae7e263165" audio_id="609191253531">restaurar</word>
      <word id="c9cb0544ef16fe79bbf3438004fbf293" audio_id="607170614596">ver la tele</word>
      <word id="c74e1ec5902381e7c520f8dd1647dfff" audio_id="162109301629">visitar</word>
   </words>
</activity>
