<?xml version="1.0" ?>
<activity id="140149415714" type="matching" l2="es" l1="ar" version="1" n_voices="4">
   <course_name>spanish</course_name>
   <title_prefix>مُطابَقة الكلمات</title_prefix>
   <title>Vocabulario general</title>
   <theme>Vocabulario general</theme>
   <description>اختر المعنى الصحيح.</description>
   <words>
      <word id="7850825ea2bfedd23d61cc6a9a23339c" source="despacio" target="ببطء" part_of_speech="adverbio" audio_id="328123453584"/>
      <word id="6d882876f6118d42fc5c940d4550f018" source="el paciente" target="المريض" part_of_speech="sustantivo" audio_id="254120870167"/>
      <word id="1c4f9a91727d47d915bd3a490131fbc8" source="el termómetro" target="الترمومتر" part_of_speech="sustantivo" audio_id="245141832714"/>
      <word id="7421d30e68428c980962d868a732906b" source="la manta" target="البطانيَّة" part_of_speech="sustantivo" audio_id="260149640356"/>
      <word id="23330f50690aede50e454d2cf3f8e9c9" source="manta" target="بطانيَّة" part_of_speech="sustantivo" audio_id="417132864671"/>
      <word id="b0c355aa58fe2e79216b292eb8f6771d" source="paciente" target="مريض" part_of_speech="sustantivo" audio_id="936101957204"/>
      <word id="20a0b60c055d952aa167a1531e565728" source="termómetro" target="ترمومتر" part_of_speech="sustantivo" audio_id="514194623213"/>
   </words>
</activity>
