<?xml version="1.0" ?>
<activity id="692139631501" type="missing_letters" l2="es" l1="ar" version="1" n_voices="4">
   <course_name>spanish</course_name>
   <title_prefix>حروف ناقصة</title_prefix>
   <title>Salud y emociones</title>
   <theme>Salud y emociones</theme>
   <description>استمع ثم اكتب الحروف الناقصة.</description>
   <words>
      <word id="e6ca48fd45da9c55c6bf6951e54f23f0" number_of_missing_letters="1" audio_id="154181063617">encontrarse</word>
      <word id="477ef7c127c0e729a684135c3eda5448" number_of_missing_letters="1" audio_id="565161817848">estar cansada</word>
      <word id="5f15a9458a7a35ba25f9c2b2887fa2bb" number_of_missing_letters="1" audio_id="623146050681">estar contenta</word>
      <word id="6fd03e381d487173bd503b07aab3d84d" number_of_missing_letters="1" audio_id="246103939462">estar enferma</word>
      <word id="fdd7d59214a43a36a85ef0821a162271" number_of_missing_letters="1" audio_id="567126939072">estar nerviosa</word>
      <word id="c22124673fda838bd9a2f16093ee6781" number_of_missing_letters="1" audio_id="376130235436">estar preocupada</word>
      <word id="e3683c667e81794ece7dc12e792a1a25" number_of_missing_letters="1" audio_id="656164953930">estar resfriada</word>
      <word id="7d159e313775cf6662a1868d7a34c792" number_of_missing_letters="1" audio_id="695102595258">estar triste</word>
      <word id="d0af75194bfb839854c1d21f38bb0122" number_of_missing_letters="1" audio_id="924182173818">sentirse</word>
      <word id="6d62c47859a2c64bf743c92d23f1780c" number_of_missing_letters="1" audio_id="287132184920">tener calor</word>
      <word id="3016d6bfb6642964f1896225bcd1a01c" number_of_missing_letters="1" audio_id="626163481918">tener fiebre</word>
      <word id="61a6ff7daf51fa258479a9a5687b1a71" number_of_missing_letters="1" audio_id="386105060398">tener frío</word>
      <word id="ce397519b200a8f459aafb7dd05da62c" number_of_missing_letters="1" audio_id="407124212421">tener gripe</word>
      <word id="7867b8b82a9bdb205d804dd044bc7236" number_of_missing_letters="1" audio_id="830173632496">tener hambre</word>
      <word id="9edde9e702b9ee393d30bbe559fff248" number_of_missing_letters="1" audio_id="575179898231">tener sed</word>
      <word id="5c2eb7f1479045ce501af46059a87299" number_of_missing_letters="1" audio_id="625140849237">tener sueño</word>
   </words>
</activity>
