<?xml version="1.0" ?>
<activity id="893169673649" type="missing_letters" l2="es" l1="ar" version="1" n_voices="4">
   <course_name>spanish</course_name>
   <title_prefix>حروف ناقصة</title_prefix>
   <title>Expresiones de tiempo y preguntas</title>
   <theme>Expresiones de tiempo y preguntas</theme>
   <description>استمع ثم اكتب الحروف الناقصة.</description>
   <words>
      <word id="3439efac04b1a826714dd90c661dc157" number_of_missing_letters="1" audio_id="315147893765">adónde</word>
      <word id="8ea991d8a6b234ae06805e1102631932" number_of_missing_letters="1" audio_id="657179564393">con quién</word>
      <word id="a0c18ff60ef7bb81bd0a170867bbf91a" number_of_missing_letters="1" audio_id="672120238287">cuándo</word>
      <word id="b592a1472567a6f052840ec7686f3c74" number_of_missing_letters="1" audio_id="348193082518">cuánto</word>
      <word id="f9551a5276f6ec68fef001d54c977686" number_of_missing_letters="1" audio_id="859173973269">cuánto tiempo</word>
      <word id="03551794a7ed41cd34a8b3e26c39252f" number_of_missing_letters="1" audio_id="789168394735">cómo</word>
      <word id="1b8772511e31dbb7de5342750e88fa66" number_of_missing_letters="1" audio_id="579151649532">dónde</word>
      <word id="918b7b05dc9dddb11fb0ff27221e0bc3" number_of_missing_letters="1" audio_id="525153153927">quiénes</word>
      <word id="df347981e79d214fb9ab37df95916f89" number_of_missing_letters="1" audio_id="363190320901">qué</word>
   </words>
</activity>
