<?xml version="1.0" ?>
<activity id="816153512130" type="spelling" l2="es" l1="ar" version="1" n_voices="4">
   <course_name>spanish</course_name>
   <title_prefix>هجاء الكلمات</title_prefix>
   <title>Vocabulario general</title>
   <theme>Vocabulario general</theme>
   <description>استمع ثم اكتب الكلمة.</description>
   <words>
      <word id="dc22cab7dd8af466c57168fc8012658d" audio_id="804153815315">aún no</word>
      <word id="534a981706a62f23ee080d0c4fdb7262" audio_id="319131725860">casi nada</word>
      <word id="01e408321ec68817c1886ca09e43f21b" audio_id="367189141535">contra</word>
      <word id="a48d0186f8fc32ffbd4d181856c85dc9" audio_id="356131258207">cumpleaños</word>
      <word id="47e1365db0bf8f03df5a4987e67b8ad2" audio_id="647163952571">decir</word>
      <word id="673bfe6cf1cd1a52a8388204c9dcd6ef" audio_id="782168762928">esta mañana</word>
      <word id="164b60aa712ce221162198fff4a72416" audio_id="157160701328">esta semana</word>
      <word id="411e9a7f41b8b1bd1fda6229e7de096c" audio_id="893126382463">este fin de semana</word>
      <word id="1562fa6a59c761f117373615cedb4adb" audio_id="135173816435">exposición</word>
      <word id="20a5f0d920bcb64a40454d63b3f31b05" audio_id="682142679317">hacer</word>
      <word id="09e684de499760a7e47a4155424a4115" audio_id="296174182128">pronto</word>
      <word id="6a89d10046d693ba824330a9631e3c27" audio_id="585123127076">todavía no</word>
      <word id="4d61edfe8655ba8a065b692acbd52f00" audio_id="123130982754">ya</word>
   </words>
</activity>
