<?xml version="1.0" ?>
<activity id="956102870349" type="missing_letters" l2="es" l1="ar" version="1" n_voices="4">
   <course_name>spanish</course_name>
   <title_prefix>حروف ناقصة</title_prefix>
   <title>Vocabulario general</title>
   <theme>Vocabulario general</theme>
   <description>استمع ثم اكتب الحروف الناقصة.</description>
   <words>
      <word id="d101b8eb2fbfc3834a110be15c995a98" number_of_missing_letters="1" audio_id="792162848653">encender</word>
      <word id="63a5a580b86e098e49e4bf08de0467fc" number_of_missing_letters="1" audio_id="108179212789">equivocarse</word>
      <word id="e846083b8ea088f4517ab9b7571742dd" number_of_missing_letters="1" audio_id="984150596218">gripe</word>
      <word id="2388a69ef984a8bf22e10e6a1fd193f5" number_of_missing_letters="1" audio_id="806134519464">subir</word>
      <word id="f9c3c8fecfe261cb7373932392f257d2" number_of_missing_letters="1" audio_id="872102475365">suspender</word>
      <word id="fa6727980d2c77a832fde78af1879d19" number_of_missing_letters="1" audio_id="134105474692">todavía</word>
   </words>
</activity>
