<?xml version="1.0" ?>
<activity id="126178603432" type="missing_letters" l2="es" l1="ar" version="1" n_voices="4">
   <course_name>spanish</course_name>
   <title_prefix>حروف ناقصة</title_prefix>
   <title>Vocabulario general</title>
   <theme>Vocabulario general</theme>
   <description>استمع ثم اكتب الحروف الناقصة.</description>
   <words>
      <word id="e7de6cf97894e7c24382723d66fff376" number_of_missing_letters="1" audio_id="135102023737">dar</word>
      <word id="838f3f8a4ad108fcb2b7efd19e1e51ab" number_of_missing_letters="1" audio_id="198123275949">durar</word>
      <word id="48d0e1165de4dfc98a9292ea0a06ed44" number_of_missing_letters="1" audio_id="163137249109">encantar</word>
      <word id="4c54f238b16448351b4cdf837c24e78a" number_of_missing_letters="1" audio_id="204159570937">entrar</word>
      <word id="62587cb0173f3f8df4812dacbd10113e" number_of_missing_letters="1" audio_id="970148383834">estudio de televisión</word>
      <word id="a369d972f58a38baf8e560659910e6fa" number_of_missing_letters="1" audio_id="472170983758">genial</word>
      <word id="030898b623c60d51df02c8f1addc5ad8" number_of_missing_letters="1" audio_id="986105104395">interesante</word>
      <word id="3813e6c3014ec166c17a27f3dc80d2a8" number_of_missing_letters="1" audio_id="580171965619">karaoke</word>
      <word id="bf4af232821bf8c967b46419796138c8" number_of_missing_letters="1" audio_id="869146151791">novela</word>
      <word id="8ade54959cb6f41bcd960732897bfdae" number_of_missing_letters="1" audio_id="240151829651">pasar miedo</word>
      <word id="3de7a8be78ad0eb9e77ea54321602181" number_of_missing_letters="1" audio_id="325156219467">película de acción</word>
      <word id="d4b9a1aa37768f9fe5b596646c68328d" number_of_missing_letters="1" audio_id="272154135317">puerta</word>
      <word id="51fe5be38f468bd6333cdecf142ef62b" number_of_missing_letters="1" audio_id="153191701465">ver</word>
   </words>
</activity>
