<?xml version="1.0" ?>
<activity id="895109183298" type="pronunciation" l2="es" l1="ar" version="1" n_voices="4">
   <course_name>spanish</course_name>
   <title_prefix>نُطْق</title_prefix>
   <title>Vocabulario general</title>
   <theme>Vocabulario general</theme>
   <description>استمع ثم كرِّر.</description>
   <words>
      <word id="0b6982c35e25f7ba2286482de5b8462c" audio_id="135102023737">dar</word>
      <word id="d8374b391e9149574ff37e17983ac942" audio_id="198123275949">durar</word>
      <word id="9b8b08f037a9e60aead753408f5f0920" audio_id="163137249109">encantar</word>
      <word id="a2097e99cbdaaa9814c61189ca4e9029" audio_id="204159570937">entrar</word>
      <word id="968ac0ae1cac77caa390a158204ae2c6" audio_id="970148383834">estudio de televisión</word>
      <word id="5ee8eb0e2b428bc7c0f1af50ae298f76" audio_id="472170983758">genial</word>
      <word id="3244345001d0421346ebc2583acba384" audio_id="986105104395">interesante</word>
      <word id="27d18bf36bdb9d534c814d1e05a4ab35" audio_id="580171965619">karaoke</word>
      <word id="097019a1e50029007928b620c92abdfd" audio_id="869146151791">novela</word>
      <word id="f584214c5081359adbddfdd20654eb52" audio_id="240151829651">pasar miedo</word>
      <word id="06a0447094cf06f9cb21e240daab0325" audio_id="325156219467">película de acción</word>
      <word id="af1a54faf7aa399748b15c2ef1eec4ec" audio_id="272154135317">puerta</word>
      <word id="3d111e273c385a8223a7cbe6a2d21b9a" audio_id="153191701465">ver</word>
   </words>
</activity>
