<?xml version="1.0" ?>
<activity id="263125420258" type="pronunciation" l2="es" l1="ar" version="1" n_voices="4">
   <course_name>spanish</course_name>
   <title_prefix>نُطْق</title_prefix>
   <title>Expresiones de tiempo y preguntas</title>
   <theme>Expresiones de tiempo y preguntas</theme>
   <description>استمع ثم كرِّر.</description>
   <words>
      <word id="1b1641059a7536963865cffcfc84b531" audio_id="315147893765">adónde</word>
      <word id="8377831ce62126e0bec230da5682f258" audio_id="657179564393">con quién</word>
      <word id="d0441e1773557af5d379c6beb7c8adb7" audio_id="672120238287">cuándo</word>
      <word id="c738de1c64a74731b98af8abac0825ff" audio_id="348193082518">cuánto</word>
      <word id="841e07b47f000b68c1041999be57df8c" audio_id="859173973269">cuánto tiempo</word>
      <word id="ad628c3a7c0f24973ef8c711ef060b28" audio_id="789168394735">cómo</word>
      <word id="890f7e3f25be9de6c97d7d6d909f1dfa" audio_id="579151649532">dónde</word>
      <word id="f2ba6f87b6ec7e6a9945c1351e808fc6" audio_id="525153153927">quiénes</word>
      <word id="b4a5fd5ed7e38fbed853ddef49a4dc20" audio_id="363190320901">qué</word>
   </words>
</activity>
