<?xml version="1.0" ?>
<activity id="324178941896" type="matching" l2="es" l1="ar" version="1" n_voices="4">
   <course_name>spanish</course_name>
   <title_prefix>مُطابَقة الكلمات</title_prefix>
   <title>Partes del cuerpo</title>
   <theme>Partes del cuerpo</theme>
   <description>اختر المعنى الصحيح.</description>
   <words>
      <word id="b696eb9223ecfee6d708787a3c29afa8" source="boca" target="فم" part_of_speech="sustantivo" audio_id="936198365972"/>
      <word id="64fc45df34b167f8db9c1a9fd284eae3" source="brazo" target="ذراع" part_of_speech="sustantivo" audio_id="925129136962"/>
      <word id="4d93d588e1ec2032352c0ef0561eb784" source="cabeza" target="رأس" part_of_speech="sustantivo" audio_id="969175602082"/>
      <word id="81bb4287ee6ce0b7b93e102d39422fea" source="cara" target="وجه" part_of_speech="sustantivo" audio_id="426161414353"/>
      <word id="204d09341a4204ab3955c5c31b6643ef" source="cuello" target="رقبة" part_of_speech="sustantivo" audio_id="925154949270"/>
      <word id="df43f289fdec9200ff7d9bb181420eee" source="cuerpo" target="جسم" part_of_speech="sustantivo" audio_id="732172646380"/>
      <word id="ed47f79ab57b61522f1affbff95bbb55" source="dedo" target="إصبع" part_of_speech="sustantivo" audio_id="949142310407"/>
      <word id="df8dd5be04b16df18d8854cf7c7158ba" source="diente" target="سنٌّ" part_of_speech="sustantivo" audio_id="295183939292"/>
      <word id="8cd44b28c0a1724ae58416676e5fa493" source="dolor de cabeza" target="صداع" part_of_speech="locución sustantiva" audio_id="806152070313"/>
      <word id="d9c4092453fe35c54b5c4d17f5d1b3b5" source="el brazo" target="الذراع" part_of_speech="sustantivo" audio_id="748109131504"/>
      <word id="af1513c9c5f013dbdd8bf01c12c12905" source="el cuello" target="الرقبة" part_of_speech="sustantivo" audio_id="286193039016"/>
      <word id="114e0a809dff06938f9f65b52ca62573" source="el cuerpo" target="الجسم" part_of_speech="sustantivo" audio_id="295184814756"/>
      <word id="bc1654a85e9459242618dac3afc224f7" source="el dedo" target="الإصبع" part_of_speech="sustantivo" audio_id="942176895480"/>
      <word id="92d861e160d9b2a1cda8e20a0664fe70" source="el diente" target="السنُّ" part_of_speech="sustantivo" audio_id="462148265646"/>
      <word id="5682f9e7521d30b70e56255bbc10795c" source="el dolor de cabeza" target="الصداع" part_of_speech="locución sustantiva" audio_id="939186798205"/>
      <word id="c18dd2ba360d10a4b062523a97c386e7" source="el estómago" target="المعدة" part_of_speech="sustantivo" audio_id="480101946019"/>
      <word id="f877e425a6f25472dee6fe0063aad952" source="el hombro" target="الكتف" part_of_speech="sustantivo" audio_id="697172327304"/>
      <word id="8304e82e58a27f36770b9ad33eab0179" source="el ojo" target="العين" part_of_speech="sustantivo" audio_id="326193453183"/>
      <word id="8f3f40d05563af757bc2ffd9384635e6" source="el oído" target="السمع" part_of_speech="sustantivo" audio_id="197125206780"/>
      <word id="3acfbe206d684406fc29952f20a1b00f" source="el pie" target="القدم" part_of_speech="sustantivo" audio_id="589196254381"/>
      <word id="228eaa7b05d8031350872b25ae9ff6bd" source="espalda" target="ظَهر" part_of_speech="sustantivo" audio_id="693146184568"/>
      <word id="4bbfd367b325df3125adc7e312b04b2d" source="estómago" target="معدة" part_of_speech="sustantivo" audio_id="694120143184"/>
      <word id="dd63d2d5a9fcacb1da810186602f15af" source="garganta" target="حَلْق" part_of_speech="sustantivo" audio_id="208107836503"/>
      <word id="88c23271fb5442aea31576df1c20ba17" source="hombro" target="كتف" part_of_speech="sustantivo" audio_id="867142949635"/>
      <word id="65831e13a5431ab196efd0412d98c1b4" source="la boca" target="الفم" part_of_speech="sustantivo" audio_id="749104752629"/>
      <word id="772880a7ab3210f4b6317b924ebab862" source="la cabeza" target="الرأس" part_of_speech="sustantivo" audio_id="835146956095"/>
      <word id="60063922309501bf3ef66fa294314fbc" source="la cara" target="الوجه" part_of_speech="sustantivo" audio_id="760173161372"/>
      <word id="de4c25d961cb85d105755a28e75c57fc" source="la espalda" target="الظَّهر" part_of_speech="sustantivo" audio_id="598143917361"/>
      <word id="4d2802b610068bb23a541911ee3309cc" source="la garganta" target="الحَلْق" part_of_speech="sustantivo" audio_id="648154519748"/>
      <word id="701e04f373e93be73628a915267315ac" source="la lengua" target="اللسان" part_of_speech="sustantivo" audio_id="706141389016"/>
      <word id="ecab65335e9f57cf6d0fa2d41d2db1a3" source="la mano" target="اليد" part_of_speech="sustantivo" audio_id="723195850571"/>
      <word id="3d664ad8e2456d6dcaa4d28afa60c6a4" source="la muela" target="الضرس" part_of_speech="sustantivo" audio_id="357149580905"/>
      <word id="ecbdb8827fbca63f5ce2fd3314d77835" source="la nariz" target="الأنف" part_of_speech="sustantivo" audio_id="740189196921"/>
      <word id="ce0f8e1cc336c8e254b7668051448eb1" source="la oreja" target="الأذن" part_of_speech="sustantivo" audio_id="719125896417"/>
      <word id="5b8cca674ce67f4797fdc1136f9eb721" source="la pierna" target="الرِجل" part_of_speech="sustantivo" audio_id="356139870980"/>
      <word id="7050fb1363248273ffac6a45eb9a34b8" source="la rodilla" target="الركبة" part_of_speech="sustantivo" audio_id="150101271804"/>
      <word id="7dbd26ec8a8ba5bca44479205287d693" source="labios" target="شَفة" part_of_speech="sustantivo" audio_id="317172354398"/>
      <word id="22500d1cbbed7e2e9e93a1e179a10c41" source="lengua" target="لسان" part_of_speech="sustantivo" audio_id="123124579863"/>
      <word id="181af66a4811310a2c2a5e23708661eb" source="los labios" target="الشَّفة" part_of_speech="sustantivo" audio_id="182151360816"/>
      <word id="c789a5bebdd7d36392743a5816396998" source="mano" target="يد" part_of_speech="sustantivo" audio_id="964147262802"/>
      <word id="b74b610d0d225c33d21581a5cf993db1" source="muela" target="ضرس" part_of_speech="sustantivo" audio_id="186134740862"/>
      <word id="f9f8ace77d68d20169a353a50a9d8dd8" source="nariz" target="أنف" part_of_speech="sustantivo" audio_id="930193068635"/>
      <word id="67f12a80f9822f4f33c32d39326a3952" source="ojo" target="عين" part_of_speech="sustantivo" audio_id="514158712816"/>
      <word id="bbf1e54898666760129385eb40d3ce3c" source="oreja" target="أذن" part_of_speech="sustantivo" audio_id="570180892829"/>
      <word id="303442a936da9005c82e05a42aa3d869" source="oído" target="سمع" part_of_speech="sustantivo" audio_id="787192141015"/>
      <word id="f4b41ed65a677afbca4bcbad611514fd" source="pie" target="قدم" part_of_speech="sustantivo" audio_id="219194367958"/>
      <word id="335fc918e93e3cb1e1bbf05237948c4b" source="pierna" target="رِجل" part_of_speech="sustantivo" audio_id="327159306851"/>
      <word id="2930f2ce5cc6e111bc1ba0a0afff251e" source="rodilla" target="ركبة" part_of_speech="sustantivo" audio_id="969179018482"/>
   </words>
</activity>
