<?xml version="1.0" ?>
<activity id="583160979452" type="pronunciation" l2="es" l1="ar" version="1" n_voices="4">
   <course_name>spanish</course_name>
   <title_prefix>نُطْق</title_prefix>
   <title>Expresiones de tiempo y preguntas</title>
   <theme>Expresiones de tiempo y preguntas</theme>
   <description>استمع ثم كرِّر.</description>
   <words>
      <word id="577e9d18889c7123b39e4d2271ae5736" audio_id="184159569530">anoche</word>
      <word id="1504bbafb8b5c1a910010f4afd010b00" audio_id="175172632736">ayer</word>
      <word id="a9184923e5d454d9e1f5a34617e254e3" audio_id="304143014873">después</word>
      <word id="fb352d699fa2b03ccb0a32357080a5e2" audio_id="602159498926">el año pasado</word>
      <word id="5555b5c1fefafe413f7acbf30971812e" audio_id="717108924935">el mes pasado</word>
      <word id="69c16c9b6ecfdf84b14e1dc40ab269a5" audio_id="765168504059">hace un mes</word>
      <word id="1795d8c2a1750990864e6f27393b1c76" audio_id="178181080737">hace unos días</word>
      <word id="3f40daec08289fdec53668c6db474d76" audio_id="718167278184">la semana pasada</word>
      <word id="3eff7aafc7531fe8d18d8a772b63191e" audio_id="936160672938">la semana que viene</word>
      <word id="88c88f64a423fe4be65bb29f06c0dd75" audio_id="835108145194">luego</word>
      <word id="c4f0b6d60735dc78ef8f632a8c53d899" audio_id="349183431793">por último</word>
      <word id="71ecc313a5fd1cf1f615f338e82f5b92" audio_id="298193572423">primero</word>
      <word id="4a76914c89e32f4d0a4b6e703c1c2c34" audio_id="325158712065">último</word>
   </words>
</activity>
