<?xml version="1.0" ?>
<activity id="823196430497" type="matching" l2="es" l1="ar" version="1" n_voices="4">
   <course_name>spanish</course_name>
   <title_prefix>مُطابَقة الكلمات</title_prefix>
   <title>Expresiones de tiempo y preguntas</title>
   <theme>Expresiones de tiempo y preguntas</theme>
   <description>اختر المعنى الصحيح.</description>
   <words>
      <word id="c4d3dc78021b70d1ecd811357c5656d4" source="adónde" target="إلى أين" part_of_speech="adverbio" audio_id="315147893765"/>
      <word id="803a9f355878d776b6f55112388d89da" source="con quién" target="مع مَن" part_of_speech="adverbio" audio_id="657179564393"/>
      <word id="d7abe677a67f72932846d7ae6bc04417" source="cuándo" target="متى" part_of_speech="adverbio" audio_id="672120238287"/>
      <word id="973de477b91d40151a754d72bd5c5242" source="cuánto" target="كم" part_of_speech="adverbio" audio_id="348193082518"/>
      <word id="4cdb178bc4c1920f02f8438135109166" source="cuánto tiempo" target="كم تستمرُّ" part_of_speech="expresión" audio_id="859173973269"/>
      <word id="6443ce499b93d95e2c66d58af2882a25" source="cómo" target="كيف" part_of_speech="adverbio" audio_id="789168394735"/>
      <word id="1a161456ff5d0eec792d9fd80d84a3d7" source="dónde" target="أين" part_of_speech="adverbio" audio_id="579151649532"/>
      <word id="22db3914abb8dc9cbb5b67e1a0bdf2f5" source="quiénes" target="مَنْ هم؟" part_of_speech="adverbio" audio_id="525153153927"/>
      <word id="a7f0ea5f22468b0af40118996c49ed44" source="qué" target="ماذا" part_of_speech="pronombre" audio_id="363190320901"/>
   </words>
</activity>
