<?xml version="1.0" ?>
<activity id="232139212589" type="matching" l2="es" l1="ar" version="1" n_voices="4">
   <course_name>spanish</course_name>
   <title_prefix>مُطابَقة الكلمات</title_prefix>
   <title>Vocabulario general</title>
   <theme>Vocabulario general</theme>
   <description>اختر المعنى الصحيح.</description>
   <words>
      <word id="3fc0646ca5c09ad1da74e4776730ecb1" source="abrir" target="يفتح" part_of_speech="verbo" audio_id="430139808745"/>
      <word id="fcd99559c7285a27f9ceb58b5dd90ffd" source="cajera" target="صرَّاف" part_of_speech="sustantivo" audio_id="892138167849"/>
      <word id="01124bf7f59cfadf70d70c71aec9efd8" source="calentar" target="يُسخِّن" part_of_speech="verbo" audio_id="368196906821"/>
      <word id="7f3ebb397083e49bc51e01e4b53c2059" source="cerrar" target="يُغلِق" part_of_speech="verbo" audio_id="249148560801"/>
      <word id="68fc4a1ae5012bc549aa942a4b0bed2e" source="contestar" target="يُجيب" part_of_speech="verbo" audio_id="875136141390"/>
      <word id="9d19987fb134172599c4448824fd4f00" source="corto" target="قصير" part_of_speech="adjetivo" audio_id="693108956312"/>
      <word id="93b3fcebb60d2e99661c372c23ff378d" source="delgado" target="نحيف" part_of_speech="adjetivo" audio_id="842152521834"/>
      <word id="4d8a1246f25d4a414332325e57eb8b88" source="desconectar" target="يفصِل" part_of_speech="verbo" audio_id="847163562986"/>
      <word id="382ac2885500e81182b9bf44e83cf870" source="el jarabe" target="الشراب" part_of_speech="sustantivo" audio_id="178102568082"/>
      <word id="87d13cab77276fa26f33b982c766c662" source="el médico" target="الطبيب" part_of_speech="sustantivo" audio_id="892174818717"/>
      <word id="77d24b706e7e9656c6c919eecfab1fb3" source="el recado" target="الرسالة" part_of_speech="sustantivo" audio_id="208102169029"/>
      <word id="c0b20da34049d8907b9042815209e80c" source="el teléfono" target="الهاتف" part_of_speech="sustantivo" audio_id="609139459654"/>
      <word id="17d90ff5fe4d7266f79852f213e456dd" source="empresa" target="شركة" part_of_speech="sustantivo" audio_id="480108082732"/>
      <word id="b806c53d75fbb7cf262b1db145452c9d" source="grave" target="خطير" part_of_speech="adjetivo" audio_id="732153532914"/>
      <word id="5eb11afef2c4ad7755756f20b8ef6561" source="jarabe" target="شراب" part_of_speech="sustantivo" audio_id="529167907120"/>
      <word id="0d437f12b6c89b9d99f2dada0789db29" source="la cajera" target="الصرَّاف" part_of_speech="sustantivo" audio_id="515126237817"/>
      <word id="537831da36f9e031f0ba0ebef3529c3a" source="la empresa" target="الشركة" part_of_speech="sustantivo" audio_id="703101307536"/>
      <word id="d87573cfb564b59b1ad95fa02b1abcf8" source="la llamada" target="المُكالَمة" part_of_speech="sustantivo" audio_id="718174647591"/>
      <word id="69a15ca0dbafe51d0badf73e5e634a2b" source="la luz" target="الضوء" part_of_speech="sustantivo" audio_id="397164870620"/>
      <word id="d6661bfa7a2943d48b66bd11cc791a11" source="la medicina" target="الدواء" part_of_speech="sustantivo" audio_id="590131792198"/>
      <word id="acee6cf654268efff418d5261e7f3b2d" source="la pantalla" target="الشاشة" part_of_speech="sustantivo" audio_id="953176709018"/>
      <word id="211aa19110e3d6c2fca6a506b3780fd5" source="la pastilla" target="القُرْص" part_of_speech="sustantivo" audio_id="493170896894"/>
      <word id="3103d56a6f84f88d97a64b7a8cfe7c9e" source="limpio" target="نظيف" part_of_speech="adjetivo" audio_id="425197647020"/>
      <word id="19b380d34e09ed8f2bc36e738861ce39" source="llamada" target="مُكالَمة" part_of_speech="sustantivo" audio_id="967183091379"/>
      <word id="80ecf32246b1ed693d0dd84dd604b7dd" source="llamar" target="يتَّصل بـ" part_of_speech="verbo" audio_id="829168392562"/>
      <word id="82bf6fcc533dc2d16ec7587d6f2d1fe5" source="llevar" target="يحمل" part_of_speech="verbo" audio_id="698153063417"/>
      <word id="96bd0cd30ee384939181b93daa10ce97" source="luz" target="ضوء" part_of_speech="sustantivo" audio_id="238147873457"/>
      <word id="a3ea1c8e6e9d1c941afe75297f9c662b" source="medicina" target="دواء" part_of_speech="sustantivo" audio_id="593180435973"/>
      <word id="1318e784fce4e1863919b0cbb4937d75" source="médico" target="طبيب" part_of_speech="sustantivo" audio_id="593175974520"/>
      <word id="3deb5ed1c7b9add83126d3d8a796f5c3" source="pantalla" target="شاشة" part_of_speech="sustantivo" audio_id="727185275354"/>
      <word id="f0e1976a2a6529d0edde6bc928e4f26a" source="pastilla" target="قُرْص" part_of_speech="sustantivo" audio_id="975184291606"/>
      <word id="fd90f39ae148524e85a428ff3e59f18c" source="ponerse (al teléfono)" target="يتَّصل بـ" part_of_speech="verbo" audio_id="783171095380"/>
      <word id="17618d61f71a564dd0d0417583d2b44a" source="recado" target="رسالة" part_of_speech="sustantivo" audio_id="138134963751"/>
      <word id="5c526c48fb55a49bb2083b2fb33ddbab" source="recetar" target="يصف علاجًا" part_of_speech="verbo" audio_id="984149541032"/>
      <word id="5c87c01092741edc266f2964c5bb573c" source="roto" target="مكسور" part_of_speech="adjetivo" audio_id="689108436192"/>
      <word id="a44fb705d4999362b04c453d4794c5e1" source="soltar el aire" target="يسمح بمرور الهواء" part_of_speech="locución verba" audio_id="383159863527"/>
      <word id="3a739120645fec9ec035c3841dec5ce9" source="sucio" target="مُتَّسِخ" part_of_speech="adjetivo" audio_id="838139216218"/>
      <word id="5d8de197f40dbaedf37759c54d64e50b" source="teléfono" target="هاتف" part_of_speech="sustantivo" audio_id="184175608564"/>
      <word id="2325d4225b1de02448da158bc17addad" source="tomar" target="يتناول" part_of_speech="verbo" audio_id="345152925938"/>
   </words>
</activity>
