<?xml version="1.0" ?>
<activity id="618161395186" type="pronunciation" l2="es" l1="ar" version="1" n_voices="4">
   <course_name>spanish</course_name>
   <title_prefix>نُطْق</title_prefix>
   <title>Vocabulario general</title>
   <theme>Vocabulario general</theme>
   <description>استمع ثم كرِّر.</description>
   <words>
      <word id="25d57aa0265a3e80fe001239b80b6485" audio_id="683150687871">bueno</word>
      <word id="5955ff292786574174191255d15683a2" audio_id="958162108161">dentro</word>
      <word id="88dbfcb08a41392d2e233c6a4a9e79e9" audio_id="248194106804">divertido</word>
      <word id="d40992259ce8299616efe129c641db7f" audio_id="510190363143">guía turístico</word>
      <word id="2c60bf6dcccce859f072fab5dad89112" audio_id="682142679317">hacer</word>
      <word id="8114772917564df71d8c58e681834304" audio_id="972131876596">helado</word>
      <word id="c624e124f100a077510a099fa3509427" audio_id="929120528387">presentador de televisión</word>
      <word id="b2270f16388fb4ddc22a72b9e2f70b93" audio_id="834145617163">vacaciones</word>
      <word id="82c01a23a1b4265dd1e8dd872bb49aa2" audio_id="906187839457">vecino</word>
      <word id="d4c9e0104d8891422958361d7745866d" audio_id="512194585296">visita</word>
      <word id="3776c564bf9cf196b4b7102958fb55f8" audio_id="642154354978">zumo de fruta</word>
   </words>
</activity>
