<?xml version="1.0" ?>
<activity id="690164619010" type="missing_letters" l2="es" l1="ar" version="1" n_voices="4">
   <course_name>spanish</course_name>
   <title_prefix>حروف ناقصة</title_prefix>
   <title>Partes del cuerpo</title>
   <theme>Partes del cuerpo</theme>
   <description>استمع ثم اكتب الحروف الناقصة.</description>
   <words>
      <word id="f63cdb88e6e6bc8923f024729265365c" number_of_missing_letters="1" audio_id="936198365972">boca</word>
      <word id="487616f17477f433cb29e7ea9af66060" number_of_missing_letters="1" audio_id="925129136962">brazo</word>
      <word id="1fb5a0f106aacfabffecab5e6c9718e0" number_of_missing_letters="1" audio_id="969175602082">cabeza</word>
      <word id="008da0b2d7a73b0b7836a290e0032063" number_of_missing_letters="1" audio_id="426161414353">cara</word>
      <word id="683add9d1b891b9fce6a084f18af7276" number_of_missing_letters="1" audio_id="925154949270">cuello</word>
      <word id="bd01fb2b238e8d0ae6347e6c1aeafb18" number_of_missing_letters="1" audio_id="732172646380">cuerpo</word>
      <word id="3847a6e30319644024588ca958c92b57" number_of_missing_letters="1" audio_id="949142310407">dedo</word>
      <word id="6fa965f37c3ce70fe5292a37d923e0c3" number_of_missing_letters="1" audio_id="295183939292">diente</word>
      <word id="a2ab0f69bafa4553c6868160810a7524" number_of_missing_letters="1" audio_id="806152070313">dolor de cabeza</word>
      <word id="ed50aebd7ac51b6f5272355d03d34bd9" number_of_missing_letters="1" audio_id="693146184568">espalda</word>
      <word id="5b23e871aff4e7673625072b80bcbd1a" number_of_missing_letters="1" audio_id="694120143184">estómago</word>
      <word id="70c00853dc2cc404c159e4bc47ed1885" number_of_missing_letters="1" audio_id="208107836503">garganta</word>
      <word id="ea3f678ede537264349c4d471ddaae79" number_of_missing_letters="1" audio_id="867142949635">hombro</word>
      <word id="ca257e8df187502cca0b6d9c4e3beb01" number_of_missing_letters="1" audio_id="468152704602">labio</word>
      <word id="9569f7093d6a5a0dffacd3990b8a1e15" number_of_missing_letters="1" audio_id="123124579863">lengua</word>
      <word id="107be738780eb1ff2411a3a73e823623" number_of_missing_letters="1" audio_id="964147262802">mano</word>
      <word id="16d090b21db43c6cf83ff31484311a55" number_of_missing_letters="1" audio_id="186134740862">muela</word>
      <word id="684a096faa318e381e7da8eea7ae99d9" number_of_missing_letters="1" audio_id="930193068635">nariz</word>
      <word id="8eda2ebb597d149da6137ba93b22feca" number_of_missing_letters="1" audio_id="514158712816">ojo</word>
      <word id="549fadbe63f27db20436cc969b54cccc" number_of_missing_letters="1" audio_id="570180892829">oreja</word>
      <word id="cfd35629e58b9f185571178cce7887be" number_of_missing_letters="1" audio_id="787192141015">oído</word>
      <word id="184ad95c72a97909e19919ead49507cd" number_of_missing_letters="1" audio_id="219194367958">pie</word>
      <word id="8e409efca98e34d488e4669edb25f8d8" number_of_missing_letters="1" audio_id="327159306851">pierna</word>
      <word id="84b3783aaa01c091144e75864c98827c" number_of_missing_letters="1" audio_id="969179018482">rodilla</word>
   </words>
</activity>
