<?xml version="1.0" ?>
<activity id="940126075085" type="matching" l2="es" l1="ar" version="1" n_voices="4">
   <course_name>spanish</course_name>
   <title_prefix>مُطابَقة الكلمات</title_prefix>
   <title>Actividades de tiempo libre</title>
   <theme>Actividades de tiempo libre</theme>
   <description>اختر المعنى الصحيح.</description>
   <words>
      <word id="cfea13e77034d11b7e17a07d8753e8c6" source="cantar" target="يُغنِّي" part_of_speech="verbo" audio_id="517193636532"/>
      <word id="bc063336b1f990b7152b640de8ae03ff" source="cantar una canción" target="يُغنِّي أغنية" part_of_speech="locución verba" audio_id="325184807467"/>
      <word id="707c6db4c52a573e71a11874822f4273" source="comer en un restaurante" target="يتناول الطعام في مطعم" part_of_speech="locución verba" audio_id="959143502131"/>
      <word id="89b6f2cfa5112b994df8d37c24a5e0ae" source="comprar" target="يشتري" part_of_speech="verbo" audio_id="206120362621"/>
      <word id="a525e6ce4295af13d03cb7fce16a0adf" source="dibujar" target="يرسم" part_of_speech="verbo" audio_id="549149742176"/>
      <word id="10a452e8e2fdc0dbbe3431f88f024393" source="escuchar música" target="يستمع إلى الموسيقى" part_of_speech="locución verba" audio_id="605148390254"/>
      <word id="ac49d013cadcc37024607637e83fa1d3" source="estudiar idiomas" target="يدرس لغات" part_of_speech="locución verba" audio_id="683120431785"/>
      <word id="159255eadb0695cae75e701a46db784a" source="hacer deporte" target="يُمارِس الرياضة" part_of_speech="locución verba" audio_id="617198280836"/>
      <word id="a0d85144bc7eb4d305b9dca2090ebb4f" source="ir al cine" target="يذهب إلى السينما" part_of_speech="locución verba" audio_id="428183120848"/>
      <word id="2a1286f45fac00d72cab978ac9beceea" source="ir al zoo" target="يذهب إلى حديقة الحيوان" part_of_speech="locución verba" audio_id="285101096740"/>
      <word id="93e0f4780a34cb01d28b283545bfa973" source="ir de compras" target="يذهب للتسوُّق" part_of_speech="locución verba" audio_id="916198186432"/>
      <word id="a4f66f726b50dad1ff80c6f46bfdeb44" source="jugar al fútbol" target="يلعب كرة القدم" part_of_speech="locución verba" audio_id="235102106948"/>
      <word id="4710df48b4685d9da8aa94022b00bca3" source="montar en bici" target="يركب درَّاجة" part_of_speech="locución verba" audio_id="848171037413"/>
      <word id="17735f61e9c982360a513465d8798f05" source="nadar" target="يسبح" part_of_speech="verbo" audio_id="345193132821"/>
      <word id="81ce3c224c3b6cd212aed1e29e26f62d" source="nadar en la piscina" target="يسبح في المسبح" part_of_speech="locución verba" audio_id="842109370808"/>
      <word id="a7d07ab7aeac8e0b29b0a034a6323445" source="navegar por internet" target="يتصفَّح الإنترنت" part_of_speech="locución verba" audio_id="158157563162"/>
      <word id="6a674f052d42f1bdd2e0cb70e69ac959" source="pasear" target="يمشي" part_of_speech="locución verba" audio_id="590156172981"/>
      <word id="26ee6be46f01aa35d59468815c913bda" source="salir" target="يخرج" part_of_speech="verbo" audio_id="289185864721"/>
      <word id="2fad772df2988cbf011e04404539df4a" source="salir con los amigos" target="يخرج مع الأصدقاء" part_of_speech="locución verba" audio_id="390163616763"/>
      <word id="b17486bb733b9712827281bcf4de257c" source="tocar el piano" target="يعزف على البيانو" part_of_speech="locución verba" audio_id="310172756439"/>
      <word id="53e6ad8af9d7f8d8ee40d3730e5106d3" source="ver la tele" target="يُشاهِد التلفاز" part_of_speech="locución verba" audio_id="607170614596"/>
      <word id="ce971331c6b1a0c05c87b370bba24809" source="visitar" target="يزور" part_of_speech="verbo" audio_id="162109301629"/>
   </words>
</activity>
