<?xml version="1.0" ?>
<activity id="652104915426" type="pronunciation" l2="es" l1="ar" version="1" n_voices="4">
   <course_name>spanish</course_name>
   <title_prefix>نُطْق</title_prefix>
   <title>Vocabulario general</title>
   <theme>Vocabulario general</theme>
   <description>استمع ثم كرِّر.</description>
   <words>
      <word id="4380cdd05575626293e5e8f6af57ec2f" audio_id="804153815315">aún no</word>
      <word id="558194bb16c260a7c7b1370853aa92c9" audio_id="319131725860">casi nada</word>
      <word id="58c306c7c62ea43f4c6ee2a0f4d1a04b" audio_id="367189141535">contra</word>
      <word id="3f002bf1efa54f9722a2e259859c90c7" audio_id="356131258207">cumpleaños</word>
      <word id="2ed4969bc0c1d2a453546b4d9b6e4b5e" audio_id="647163952571">decir</word>
      <word id="71931339b5ded0d0e94b320a1313241b" audio_id="782168762928">esta mañana</word>
      <word id="11451a2271848eda34b2bab121b2094b" audio_id="157160701328">esta semana</word>
      <word id="e2800b2e78f3d1405af7a56d82ecf806" audio_id="893126382463">este fin de semana</word>
      <word id="87bd78c556f6b2ddaef7d086dd34ac6d" audio_id="135173816435">exposición</word>
      <word id="3b506730ae173abd88579477d0cda140" audio_id="682142679317">hacer</word>
      <word id="98fe3526fcc0e38d444b61683e5ddae1" audio_id="296174182128">pronto</word>
      <word id="38a14e121e9f158a5c863871a00911b3" audio_id="585123127076">todavía no</word>
      <word id="1e72c4cd5f6b0e2e0e0f1aa8abfafb1b" audio_id="123130982754">ya</word>
   </words>
</activity>
