<?xml version="1.0" ?>
<activity id="160146271526" type="spelling" l2="es" l1="ar" version="1" n_voices="4">
   <course_name>spanish</course_name>
   <title_prefix>هجاء الكلمات</title_prefix>
   <title>Expresiones de tiempo y preguntas</title>
   <theme>Expresiones de tiempo y preguntas</theme>
   <description>استمع ثم اكتب الكلمة.</description>
   <words>
      <word id="b676058aaf65c1b06f95fb651f6047e0" audio_id="184159569530">anoche</word>
      <word id="15cc0d773dcd76f36f9fd67d897dae90" audio_id="175172632736">ayer</word>
      <word id="365f743a7d46e209cff89a5b9eadc806" audio_id="304143014873">después</word>
      <word id="a1e46c6a1709b3a8709e9727bbc9cd3a" audio_id="602159498926">el año pasado</word>
      <word id="3d7a7462f14b047e88fce1359cfd7433" audio_id="717108924935">el mes pasado</word>
      <word id="96c2a521a0fecaca14eace30ae4c229a" audio_id="765168504059">hace un mes</word>
      <word id="30ad55c5cf8ce3b2f95443dc13eb1386" audio_id="178181080737">hace unos días</word>
      <word id="3880a7fda573cf090286c5302c227a3c" audio_id="718167278184">la semana pasada</word>
      <word id="2bbb31efba7ba16086427de849fe02a5" audio_id="936160672938">la semana que viene</word>
      <word id="a152620666326133fa00a50d68695340" audio_id="835108145194">luego</word>
      <word id="22560860f33f898eb3c16c7a75e0b4b0" audio_id="349183431793">por último</word>
      <word id="b26ca4ec61aed9c34443e6531874eeda" audio_id="298193572423">primero</word>
      <word id="2ee61439f898135273b9b320715bff43" audio_id="325158712065">último</word>
   </words>
</activity>
