<?xml version="1.0" ?>
<activity id="826146419085" type="spelling" l2="es" l1="ar" version="1" n_voices="4">
   <course_name>spanish</course_name>
   <title_prefix>هجاء الكلمات</title_prefix>
   <title>Vocabulario general</title>
   <theme>Vocabulario general</theme>
   <description>استمع ثم اكتب الكلمة.</description>
   <words>
      <word id="871f8e7bc3a2533398232225a402589e" audio_id="430139808745">abrir</word>
      <word id="0a7fb74c0be1cea052320c65090ebbc6" audio_id="962186321812">cajero</word>
      <word id="dd3cc9de74a32187c62d791bd757322e" audio_id="368196906821">calentar</word>
      <word id="70637aa674ab648c5ed6e946c5856ccf" audio_id="249148560801">cerrar</word>
      <word id="0bcbd5113010b9cc36b64d764a65187c" audio_id="875136141390">contestar</word>
      <word id="643625662f811c162eff7cfeec505b3b" audio_id="693108956312">corto</word>
      <word id="42d564dd5d143938938ec533cf8dc760" audio_id="842152521834">delgado</word>
      <word id="1aeb4cafb3b79be9e04f80e76db40f26" audio_id="847163562986">desconectar</word>
      <word id="48ac84739c21e2f158f2c90b2a22866e" audio_id="480108082732">empresa</word>
      <word id="0e5f8ade284cf13af31f43732d03c51d" audio_id="732153532914">grave</word>
      <word id="c073744e4c3e9952d09414526224097f" audio_id="529167907120">jarabe</word>
      <word id="1a197ad094935d4a2a74986116ff85db" audio_id="425197647020">limpio</word>
      <word id="53c68063cb3267c417650d6d872c5fb1" audio_id="967183091379">llamada</word>
      <word id="fdf3eb1a0e0c6a6917d7f18b2e699d1d" audio_id="829168392562">llamar</word>
      <word id="3a2d5562a39ab82f78567e0da766d741" audio_id="698153063417">llevar</word>
      <word id="01c586d41ed254b6cc929591e347083f" audio_id="238147873457">luz</word>
      <word id="fc2fdd15c2398d0c8c4ecb7f0ed31d6e" audio_id="593180435973">medicina</word>
      <word id="1cc8b368a4e36279f797c1f4398f9da1" audio_id="593175974520">médico</word>
      <word id="79096e53293bbca8c812bf6a5dfb462d" audio_id="727185275354">pantalla</word>
      <word id="1b2a3eeade6dedcd98c056a0b5644f52" audio_id="975184291606">pastilla</word>
      <word id="289c58ad6d854ad9e9eb9c9aaa84a0d2" audio_id="138134963751">recado</word>
      <word id="266313fb643d3ba01f611b963722e65c" audio_id="984149541032">recetar</word>
      <word id="00007e9859b136345ed07370a2e992c2" audio_id="689108436192">roto</word>
      <word id="47d8623966603051603df758831fde2c" audio_id="383159863527">soltar el aire</word>
      <word id="2a7a9712bd21965a448df19be275b089" audio_id="838139216218">sucio</word>
      <word id="2cb313ff5185bcfa322ee37489f609de" audio_id="184175608564">teléfono</word>
      <word id="0c7f4734e74ae87aeaeae05d4c19ced1" audio_id="345152925938">tomar</word>
   </words>
</activity>
