<?xml version="1.0" ?>
<activity id="574195908646" type="matching" l2="es" l1="ar" version="1" n_voices="4">
   <course_name>spanish</course_name>
   <title_prefix>مُطابَقة الكلمات</title_prefix>
   <title>Vocabulario general</title>
   <theme>Vocabulario general</theme>
   <description>اختر المعنى الصحيح.</description>
   <words>
      <word id="5daa95d6cab1c8dfd1d13cb23c14f582" source="cenar" target="يتناول العشاء" part_of_speech="verbo" audio_id="954165348657"/>
      <word id="3c5ce939c1669d5ea9f3cb443eeb648a" source="chico" target="فتى" part_of_speech="sustantivo" audio_id="929195045042"/>
      <word id="733f344fd14774cbc51362741b338520" source="comer" target="يتناول وجبة الغداء" part_of_speech="verbo" audio_id="134185180921"/>
      <word id="9663e21b30db68a54db6bbaabe03a6af" source="conocer" target="يعرف" part_of_speech="verbo" audio_id="285147197630"/>
      <word id="9d8e9eb5378805c23637eb88c35fc053" source="desayunar" target="يتناول الإفطار" part_of_speech="verbo" audio_id="914136746214"/>
      <word id="43859687a17fd0878427c7f00b06cf66" source="ducharse" target="يتحمَّم" part_of_speech="verbo" audio_id="137127512827"/>
      <word id="f0df162c735cac77fbdce29cc984a658" source="el chico" target="الفتى" part_of_speech="sustantivo" audio_id="309197327356"/>
      <word id="baec1283c1eee4840461c3983df912a2" source="el examen" target="الاختبار" part_of_speech="sustantivo" audio_id="593162345637"/>
      <word id="1a339e15ca3ba7e22c3acb5b7a3db44c" source="el faraón" target="الفرعون" part_of_speech="sustantivo" audio_id="723174253512"/>
      <word id="bcc1a76d5c5c5cbbfe4708b80dace450" source="el mercado" target="السوق" part_of_speech="sustantivo" audio_id="476106848320"/>
      <word id="bea72277dd720682f6612d6caad363c5" source="el monumento" target="المَعْلَم الأثريُّ/النُّصب التذكاريُّ" part_of_speech="sustantivo" audio_id="602159729894"/>
      <word id="cf887d6d6c47927f7c41b3c7e4633429" source="el partido" target="المباراة" part_of_speech="sustantivo" audio_id="429142624792"/>
      <word id="b40cee6ecd831a11e70ca7b563fbac1e" source="el regalo" target="الهديَّة" part_of_speech="sustantivo" audio_id="635163730489"/>
      <word id="a6d9701ef555915317ac02a1d19bfa1b" source="enseñar" target="يُدرِّس" part_of_speech="verbo" audio_id="634165308529"/>
      <word id="21c45e4a5a18902451a8ea2a1f096cfd" source="entrenar" target="يتدرَّب" part_of_speech="verbo" audio_id="492103819519"/>
      <word id="3a98afe7ccd4276882eface6e4520055" source="examen" target="اختبار" part_of_speech="sustantivo" audio_id="925131982345"/>
      <word id="c714c7eecec91fe93bc0eb96a04e167e" source="faraón" target="فرعون" part_of_speech="sustantivo" audio_id="745160156381"/>
      <word id="95130c37293114dd7306c3e2680f6c92" source="fiesta" target="حفلة" part_of_speech="sustantivo" audio_id="160147209206"/>
      <word id="88cec32e613f416cb1605a6f576fc519" source="ganar" target="يفوز" part_of_speech="verbo" audio_id="847169073142"/>
      <word id="c7faa9cfc616fa05d7ea85442146098d" source="genial" target="رائع" part_of_speech="adjetivo" audio_id="472170983758"/>
      <word id="753933ae56371fb7074ef5f05534868c" source="hablar por teléfono" target="يتحدَّث عبر الهاتف" part_of_speech="verbo" audio_id="520169039865"/>
      <word id="f7b76adf1a978dd41f333d4eae70f0dc" source="jugar" target="يلعب" part_of_speech="verbo" audio_id="718194191765"/>
      <word id="f579e5f68b2d1c8fc5e2bd636c5c4dd0" source="jugar al ordenador" target="يلعب بالحاسب الآليِّ" part_of_speech="verbo" audio_id="746151054124"/>
      <word id="e21878a13a388e231756fe3620a0c193" source="la fiesta" target="الحفلة" part_of_speech="sustantivo" audio_id="276156251572"/>
      <word id="dae6f6867300a5ed750e80a6cc81954d" source="la pirámide" target="الهرم" part_of_speech="sustantivo" audio_id="895171827291"/>
      <word id="15ca11023893ff94cc12f7ba157bf48e" source="lavarse los dientes" target="يغسل الأسنان" part_of_speech="verbo" audio_id="498186539034"/>
      <word id="a7d6dc604ea0c3b7d099d062d6d8e999" source="llegar" target="يصل" part_of_speech="verbo" audio_id="824182739175"/>
      <word id="3a81cdaee9fca15b59dbc10be01b8bf3" source="mejorar" target="يتحسَّن" part_of_speech="verbo" audio_id="346129510783"/>
      <word id="56a7de2c69a25c34bc6ad74e9ddae2ef" source="mercado" target="سوق" part_of_speech="sustantivo" audio_id="712151253758"/>
      <word id="a10a7fbb3e8a7cf9d188bd4469638032" source="monumento" target="مَعْلَم أثريٌّ/نُصب تذكاريٌّ" part_of_speech="sustantivo" audio_id="219181328354"/>
      <word id="f1e76cb57a1fb873e3e0a08f79027df7" source="partido" target="مباراة" part_of_speech="sustantivo" audio_id="732173828126"/>
      <word id="c062b947c3ec4d9dce08ed59b5f780d7" source="pirámide" target="هرم" part_of_speech="sustantivo" audio_id="807196761696"/>
      <word id="ba06b594f94bbc299a17d5ad2be15a58" source="probar" target="يُجرِّب" part_of_speech="verbo" audio_id="169107078470"/>
      <word id="e7965ddf8ea4c26f5dc3e2427243f97f" source="regalo" target="هديَّة" part_of_speech="sustantivo" audio_id="659192835793"/>
      <word id="e21c0ae5be7e7b2ba11fc3f224c1b082" source="restaurar" target="يُرمِّم" part_of_speech="verbo" audio_id="609191253531"/>
      <word id="1fd9b56048e37492cded54b4229346a4" source="ver la tele" target="يُشاهِد التلفاز" part_of_speech="verbo" audio_id="607170614596"/>
      <word id="150d9fad49165c19e496bfe5c97434ea" source="visitar" target="يزور" part_of_speech="verbo" audio_id="162109301629"/>
   </words>
</activity>
