<?xml version="1.0" ?>
<activity id="708165253096" type="matching" l2="es" l1="ar" version="1" n_voices="4">
   <course_name>spanish</course_name>
   <title_prefix>مُطابَقة الكلمات</title_prefix>
   <title>Vocabulario general</title>
   <theme>Vocabulario general</theme>
   <description>اختر المعنى الصحيح.</description>
   <words>
      <word id="ca3acedd07020ad1a1a88133eb672346" source="aún no" target="ليس بعدُ" part_of_speech="locución adverbial" audio_id="804153815315"/>
      <word id="3a0a521134c0fda9f99edb5b72e5d433" source="casi nada" target="لا شيء تقريبًا" part_of_speech="expresión" audio_id="319131725860"/>
      <word id="066d627c5a7f763641c82fa7b31de65a" source="contra" target="ضد" part_of_speech="preposición" audio_id="367189141535"/>
      <word id="a405843feb136d5c5fe9f6f775afd6b6" source="cumpleaños" target="عيد ميلاد" part_of_speech="sustantivo" audio_id="356131258207"/>
      <word id="9b5a46b710f715ead586e8f7e4cc27f7" source="decir" target="يقول" part_of_speech="verbo" audio_id="647163952571"/>
      <word id="75acad11bf79061a6b1473506d75a546" source="el cumpleaños" target="عيد الميلاد" part_of_speech="sustantivo" audio_id="292171264584"/>
      <word id="484fac0547c218b1a3e59fb03cdd8053" source="esta mañana" target="هذا الصباح" part_of_speech="expresión" audio_id="782168762928"/>
      <word id="c145a821b97da8d4798ff834e9269bc2" source="esta semana" target="هذا الأسبوع" part_of_speech="expresión" audio_id="157160701328"/>
      <word id="bb752d500638cab0d984ef2713c9e396" source="este fin de semana" target="عطلة هذا الأسبوع" part_of_speech="expresión" audio_id="893126382463"/>
      <word id="0fbab7ad96817902f9e8db3066af4a2b" source="exposición" target="معرض" part_of_speech="sustantivo" audio_id="135173816435"/>
      <word id="e90059eda328e78a02b3bd8e0f314909" source="hacer" target="يفعل/يُعِدُّ" part_of_speech="verbo" audio_id="682142679317"/>
      <word id="c313e1c9a7cafb7f2545b155615d31c3" source="la exposición" target="المعرض" part_of_speech="sustantivo" audio_id="470190452803"/>
      <word id="edd450e7419eca1696e10cd3500c35fb" source="pronto" target="قريبًا" part_of_speech="adverbio" audio_id="296174182128"/>
      <word id="2ab05fbc2b586e83b76366250b2794a4" source="todavía no" target="ليس بعدُ" part_of_speech="locución adverbial" audio_id="585123127076"/>
      <word id="34b16e4cccb52bcb95b18f1e4d1b9198" source="ya" target="بالفعل" part_of_speech="adverbio" audio_id="123130982754"/>
   </words>
</activity>
