<?xml version="1.0" ?>
<activity id="230189547243" type="missing_letters" l2="es" l1="ar" version="1" n_voices="4">
   <course_name>spanish</course_name>
   <title_prefix>حروف ناقصة</title_prefix>
   <title>Vocabulario general</title>
   <theme>Vocabulario general</theme>
   <description>استمع ثم اكتب الحروف الناقصة.</description>
   <words>
      <word id="6209df81ff4bcd4d8d967d29a9cc1eca" number_of_missing_letters="1" audio_id="683150687871">bueno</word>
      <word id="400812460d5517c621a9130e5128a8a9" number_of_missing_letters="1" audio_id="958162108161">dentro</word>
      <word id="711b325b1ec2070a96d8356fb0869b5d" number_of_missing_letters="1" audio_id="248194106804">divertido</word>
      <word id="2859817bad6edfd5845ad7dd084a5da9" number_of_missing_letters="1" audio_id="510190363143">guía turístico</word>
      <word id="a8309b8e90b6616dfc5a413971882b26" number_of_missing_letters="1" audio_id="682142679317">hacer</word>
      <word id="b391bbdf0a4d5cbf00841d16efd5cb0f" number_of_missing_letters="1" audio_id="972131876596">helado</word>
      <word id="f685703184d4c750bdc6ed84b4edf7c0" number_of_missing_letters="1" audio_id="929120528387">presentador de televisión</word>
      <word id="d101d8dec4419342e7bdfa58c976b06c" number_of_missing_letters="1" audio_id="834145617163">vacaciones</word>
      <word id="2c84f75253b5a16df5878bb614353d92" number_of_missing_letters="1" audio_id="906187839457">vecino</word>
      <word id="fa633fd6fa91d96382a7c4317d85cc8b" number_of_missing_letters="1" audio_id="512194585296">visita</word>
      <word id="84679804e36bef8ff66eaf28ecbaf0c5" number_of_missing_letters="1" audio_id="642154354978">zumo de fruta</word>
   </words>
</activity>
