<?xml version="1.0" ?>
<activity id="949106287496" type="matching" l2="es" l1="ar" version="1" n_voices="4">
   <course_name>spanish</course_name>
   <title_prefix>مُطابَقة الكلمات</title_prefix>
   <title>Expresiones de tiempo y preguntas</title>
   <theme>Expresiones de tiempo y preguntas</theme>
   <description>اختر المعنى الصحيح.</description>
   <words>
      <word id="0b5383a2c3ae02c5876633d705ff276b" source="anoche" target="الليلة الماضية" part_of_speech="adverbio" audio_id="184159569530"/>
      <word id="42ffeb7c8be60d0bc3da4671f3617d50" source="ayer" target="أمس" part_of_speech="adverbio" audio_id="175172632736"/>
      <word id="ffeca498482cf0b9f4fde3898ae5e68e" source="después" target="بعد" part_of_speech="adverbio" audio_id="304143014873"/>
      <word id="1022c2c4007f97618591915018a598f3" source="el año pasado" target="العام الماضي" part_of_speech="expresión" audio_id="602159498926"/>
      <word id="dde8311fe42aa6abe6d2f9dfbb4e2411" source="el mes pasado" target="الشهر الماضي" part_of_speech="expresión" audio_id="717108924935"/>
      <word id="ed98a34924e37c865238a8a9c0c34b51" source="hace un mes" target="منذ شهر" part_of_speech="expresión" audio_id="765168504059"/>
      <word id="3cf024aed0fa1cc1381535e76fbad73f" source="hace unos días" target="منذ بضعة أيام" part_of_speech="expresión" audio_id="178181080737"/>
      <word id="4eef3c447b2a99f1580721e4f32f284c" source="la semana pasada" target="الأسبوع الماضي" part_of_speech="expresión" audio_id="718167278184"/>
      <word id="a6c9cba98c0cdc0a6cdcdefd89093609" source="la semana que viene" target="الأسبوع القادم" part_of_speech="locución sustantiva" audio_id="936160672938"/>
      <word id="5bf9409f4ea215b5119d9a2b4be3a819" source="luego" target="بعد ذلك" part_of_speech="adverbio" audio_id="835108145194"/>
      <word id="b5b2bd5d0ae1fb9e828a062ff9f90990" source="por último" target="أخيرًا" part_of_speech="adverbio" audio_id="349183431793"/>
      <word id="bcee0ea722223fff995d17942fad8e6b" source="primero" target="أولًا" part_of_speech="adverbio" audio_id="298193572423"/>
      <word id="89cdeab28b3207228473eb4424437953" source="último" target="آخِر" part_of_speech="adjetivo" audio_id="325158712065"/>
   </words>
</activity>
