<?xml version="1.0" ?>
<activity id="710175375204" type="pronunciation" l2="es" l1="ar" version="1" n_voices="4">
   <course_name>spanish</course_name>
   <title_prefix>نُطْق</title_prefix>
   <title>Vocabulario general</title>
   <theme>Vocabulario general</theme>
   <description>استمع ثم كرِّر.</description>
   <words>
      <word id="0525aba155007e8c664289f3a5140dd9" audio_id="430139808745">abrir</word>
      <word id="d14c0aad957d53279d710d2ac8625032" audio_id="962186321812">cajero</word>
      <word id="1d847adfae260067cbef0e71b8bd787c" audio_id="368196906821">calentar</word>
      <word id="376961b59d6b81ddeaec9050107fd923" audio_id="249148560801">cerrar</word>
      <word id="3d22d43641360a3dd9778769286d8397" audio_id="875136141390">contestar</word>
      <word id="4e6817c16d8b1991aa928ea9602e6936" audio_id="693108956312">corto</word>
      <word id="c03841a69578cfdc0b1aa01d096b0363" audio_id="842152521834">delgado</word>
      <word id="26a180e02b5b90ab7aaefab512fcda89" audio_id="847163562986">desconectar</word>
      <word id="168ab3c0006eb0a2e905de90507b1f48" audio_id="480108082732">empresa</word>
      <word id="634a920f1ff7ef02c03ba11cb9e0588d" audio_id="732153532914">grave</word>
      <word id="f7526f60aff14f3ffb9fabac19e8c7cf" audio_id="529167907120">jarabe</word>
      <word id="3f3a1ebaaff30bd51257932a4962aa14" audio_id="425197647020">limpio</word>
      <word id="0bf420f4f200aae008dde20ab7cdf79e" audio_id="967183091379">llamada</word>
      <word id="95d50c2cbe7557c1f108080e60e75d09" audio_id="829168392562">llamar</word>
      <word id="ef90652b1709b350c40ccb0238e6d317" audio_id="698153063417">llevar</word>
      <word id="29780b39372057de0a97e3d4b2c7db1c" audio_id="238147873457">luz</word>
      <word id="c9d4a3e2d909e40d59e68061b01798a7" audio_id="593180435973">medicina</word>
      <word id="402287e916892844e971930f691a4bdd" audio_id="593175974520">médico</word>
      <word id="55e244ad7af5eec3fca08b2e3efde984" audio_id="727185275354">pantalla</word>
      <word id="6fdf6c660504cf5adac986199c6d3a32" audio_id="975184291606">pastilla</word>
      <word id="a4b8114982f123d08d0b4a7abac05aba" audio_id="138134963751">recado</word>
      <word id="774604a95b2e4a4c254b5d2a6155a46d" audio_id="984149541032">recetar</word>
      <word id="d3365399885f471a395200d3fd7ae6c2" audio_id="689108436192">roto</word>
      <word id="581dcfef58c92a6b6fc376fc7bbecb71" audio_id="383159863527">soltar el aire</word>
      <word id="6a0b7fba5ba15be774e3e4446627a7b8" audio_id="838139216218">sucio</word>
      <word id="bbf18fa2357285d0066d5fcb3fb81e6d" audio_id="184175608564">teléfono</word>
      <word id="e07cc63949013c69963e37eb9d6408c9" audio_id="345152925938">tomar</word>
   </words>
</activity>
