<?xml version="1.0" ?>
<activity id="707153702067" type="spelling" l2="es" l1="ar" version="1" n_voices="4">
   <course_name>spanish</course_name>
   <title_prefix>هجاء الكلمات</title_prefix>
   <title>Salud y emociones</title>
   <theme>Salud y emociones</theme>
   <description>استمع ثم اكتب الكلمة.</description>
   <words>
      <word id="0b37c6a25a7285a651e02392071be0ec" audio_id="154181063617">encontrarse</word>
      <word id="a64d12755cdb234c6c7e0099000d47e7" audio_id="565161817848">estar cansada</word>
      <word id="c3cb66016e5bbec85a41e76065c082e2" audio_id="623146050681">estar contenta</word>
      <word id="7672fb112340c9355fd781779bba41c1" audio_id="246103939462">estar enferma</word>
      <word id="58cfae90f028546f93f2ff52563dde30" audio_id="567126939072">estar nerviosa</word>
      <word id="4a7b150f8d7593a22abf7ad77fbfeb04" audio_id="376130235436">estar preocupada</word>
      <word id="0b55474cbebd7d97cd1d6377fbf62169" audio_id="656164953930">estar resfriada</word>
      <word id="2c987a44495ff2801420584bb08a59b7" audio_id="695102595258">estar triste</word>
      <word id="54ee8967168ae87ed6d17cc4f67061f1" audio_id="924182173818">sentirse</word>
      <word id="12e72a573e20f1cc0bc5db50ebbacfca" audio_id="287132184920">tener calor</word>
      <word id="32889a81ea12f4465dc1cc551e1c3b49" audio_id="626163481918">tener fiebre</word>
      <word id="42fa81f02a2314f3a842062a8f75c1c8" audio_id="386105060398">tener frío</word>
      <word id="80194cd2ed30bce6cc64f020123d45fc" audio_id="407124212421">tener gripe</word>
      <word id="a5301a5133018ef30319aff3fe68cbef" audio_id="830173632496">tener hambre</word>
      <word id="ef6a915d1dbb540c307faad8b03af7b5" audio_id="575179898231">tener sed</word>
      <word id="3b5beacaaa3fcbd9d2fc7265aa4b810f" audio_id="625140849237">tener sueño</word>
   </words>
</activity>
