<?xml version="1.0" ?>
<activity id="423163803181" type="matching" l2="es" l1="ar" version="1" n_voices="4">
   <course_name>spanish</course_name>
   <title_prefix>مُطابَقة الكلمات</title_prefix>
   <title>Vocabulario general</title>
   <theme>Vocabulario general</theme>
   <description>اختر المعنى الصحيح.</description>
   <words>
      <word id="8521ed68780c49057ca3b7f7e18c8113" source="bueno" target="جيد" part_of_speech="adjetivo" audio_id="683150687871"/>
      <word id="9bb33cfa9d818b88b84941a0aad2c72d" source="dentro" target="داخل" part_of_speech="adverbio" audio_id="958162108161"/>
      <word id="fcce4752cc7682466a3206f6f9023f25" source="divertido" target="مَرِح" part_of_speech="adjetivo" audio_id="248194106804"/>
      <word id="7e5417c54be7bb71c4b32f2e716e3769" source="el guía turístico" target="المرشد السياحيُّ" part_of_speech="locución sustantiva" audio_id="732152795767"/>
      <word id="6973ab41763e03ad3e86d12b097c0349" source="el helado" target="المُثلَّجات" part_of_speech="sustantivo" audio_id="935158710737"/>
      <word id="351be836a53e20ea21f57241f3c811c8" source="el presentador de televisión" target="مُقدِّم البرامج" part_of_speech="locución sustantiva" audio_id="735186185045"/>
      <word id="1e786251fd772b3d2e433728988cf9d9" source="el vecino" target="الجار" part_of_speech="sustantivo" audio_id="160164046925"/>
      <word id="f85d3785f4b47d17f9ef218b5983a742" source="el zumo de fruta" target="عصير الفواكه" part_of_speech="locución sustantiva" audio_id="248162483181"/>
      <word id="27188cb4c20a78cb06e27558e7ad0640" source="guía turístico" target="مرشد سياحيٌّ" part_of_speech="locución sustantiva" audio_id="510190363143"/>
      <word id="0a186a0e1a7bf71331170e8529abbfb0" source="hacer" target="يفعل/يُعِدُّ" part_of_speech="verbo" audio_id="682142679317"/>
      <word id="8bb038927683d413ee5e31b37a32a002" source="helado" target="مُثلَّجات" part_of_speech="sustantivo" audio_id="972131876596"/>
      <word id="34204157a3e3b41bd118200b4626166a" source="la visita" target="الزيارة" part_of_speech="sustantivo" audio_id="827190687152"/>
      <word id="f3fc1f242495e1f5efca79ace8606867" source="las vacaciones" target="العطلات" part_of_speech="sustantivo" audio_id="504126812598"/>
      <word id="4722dd14d0ffb9ebea4f1a206227a952" source="presentador de televisión" target="مُقدِّم برامج" part_of_speech="locución sustantiva" audio_id="929120528387"/>
      <word id="ea84a09d67190d10802876022b6b139a" source="vacaciones" target="عطلات" part_of_speech="sustantivo" audio_id="834145617163"/>
      <word id="34150fcd821694975df2dd741ba69f5c" source="vecino" target="جار" part_of_speech="sustantivo" audio_id="906187839457"/>
      <word id="a6298cc2c924b9255b86504a03fb6b4d" source="visita" target="زيارة" part_of_speech="sustantivo" audio_id="512194585296"/>
      <word id="24e870437c18ccb40583856bd971f534" source="zumo de fruta" target="عصير فواكه" part_of_speech="locución sustantiva" audio_id="642154354978"/>
   </words>
</activity>
