﻿Session Id,Meta Session Id,Session Title,Class Id,Meta Class Id,Country,Class Grade,Class Subject,Class Title,Educator Id,Educator Name,Start Date,Start Time,Status,Material,Replay,Pdf,Preview,Worksheets,Quizzes,Words,Sentences,Exams,Assessments
945131360954,180169461785,الحصة الأولى: الذكاء الواحد والذكاءات المتعدِّدة,712121945021,723145145210,eg,EG12,علم النفس والاجتماع,علم النفس والاجتماع,410178737671,محمد سالم,2023-08-19,13:00:00,Conducted,True,True,True,True,1,1,0,0,0,0
457189823975,542154907834,الحصة الأولى: الصور البيانية • إرادة التغيير • تحليل نموذج قراءة متحررة • المداخل والفصل الأول «خيالات الطفولة»,967163273232,962179175921,eg,EG12,اللغة العربية,اللغة العربية,467134069813,حسين مصطفى,2023-08-19,14:00:00,Conducted,True,False,True,False,4,1,0,0,0,0
152162582305,943124724736,الحصة الأولى: الظروف التي سبقت الحملة الفرنسية ووصولها إلى مصر,875159514731,683149234270,eg,EG12,التاريخ,التاريخ,906184953437,محمد إسماعيل,2023-08-19,17:00:00,Conducted,True,False,True,False,2,1,0,0,0,0
868150742849,212108263254,Session 1: Révision G10,525109027064,568184018261,eg,EG12,Français,Français,137198142829,إيمان محمود,2023-08-20,13:00:00,Conducted,True,False,True,False,0,1,0,0,0,0
713194945838,458102728196,الحصة الأولى: التفاضل والتكامل: اشتقاق الدوال المثلثية,426127809231,473145671785,eg,EG12,الرياضيات,الرياضيات,179169073012,أحمد حاتم,2023-08-20,15:00:00,Conducted,True,False,True,False,1,1,0,0,0,0
.....
rest of the data
