<?xml version="1.0" ?>
<activity id="508170712801" type="spelling" l2="es" l1="ar" version="1" n_voices="4">
   <course_name>spanish</course_name>
   <title_prefix>هجاء الكلمات</title_prefix>
   <title>Vocabulario general</title>
   <theme>Vocabulario general</theme>
   <description>استمع ثم اكتب الكلمة.</description>
   <words>
      <word id="e9efdfe052d0a2a3f09428078edd7a39" audio_id="792162848653">encender</word>
      <word id="1562f5755d6f8263017f1a0a0e4ade48" audio_id="108179212789">equivocarse</word>
      <word id="b6c4f2c78f14fdfaa3a00567ff040e08" audio_id="984150596218">gripe</word>
      <word id="faf9fb56bf380578f1040580772d5f26" audio_id="806134519464">subir</word>
      <word id="343b91f988e2b09d79cd64dd2744a102" audio_id="872102475365">suspender</word>
      <word id="be835a624f6821dc96b56a335c749013" audio_id="134105474692">todavía</word>
   </words>
</activity>
