<?xml version="1.0" ?>
<activity id="562140307421" type="spelling" l2="es" l1="ar" version="1" n_voices="4">
   <course_name>spanish</course_name>
   <title_prefix>هجاء الكلمات</title_prefix>
   <title>Vocabulario general</title>
   <theme>Vocabulario general</theme>
   <description>استمع ثم اكتب الكلمة.</description>
   <words>
      <word id="a194b99159f764a5524d460e9a50d628" audio_id="328123453584">despacio</word>
      <word id="00fff58e190385438e4aa19ac04e28c5" audio_id="417132864671">manta</word>
      <word id="b512e7577aff913b43ee060cd54224ae" audio_id="936101957204">paciente</word>
      <word id="742173bb8cce9cc3c2fe8ea66227bc94" audio_id="514194623213">termómetro</word>
   </words>
</activity>
