<?xml version="1.0" ?>
<activity id="498109513496" type="missing_letters" l2="es" l1="ar" version="1" n_voices="4">
   <course_name>spanish</course_name>
   <title_prefix>حروف ناقصة</title_prefix>
   <title>Actividades de tiempo libre</title>
   <theme>Actividades de tiempo libre</theme>
   <description>استمع ثم اكتب الحروف الناقصة.</description>
   <words>
      <word id="29a69f948938c21218da78e63e8fe285" number_of_missing_letters="1" audio_id="517193636532">cantar</word>
      <word id="b38b10da3ad7dc0d79588891b216a24a" number_of_missing_letters="1" audio_id="325184807467">cantar una canción</word>
      <word id="71fd8a77e75e6851dbf83667d0de0b44" number_of_missing_letters="1" audio_id="959143502131">comer en un restaurante</word>
      <word id="4ab0d90c28417ea1fcff10fa1baca104" number_of_missing_letters="1" audio_id="206120362621">comprar</word>
      <word id="cac2ae44335d6d5d54830ab5f0da5a30" number_of_missing_letters="1" audio_id="549149742176">dibujar</word>
      <word id="2efe2652fb71874c640addc8ab4d26ed" number_of_missing_letters="1" audio_id="605148390254">escuchar música</word>
      <word id="3186257c45534378324234e790201202" number_of_missing_letters="1" audio_id="683120431785">estudiar idiomas</word>
      <word id="307e8b17bb3ad6c18c66fd58d1e2b558" number_of_missing_letters="1" audio_id="617198280836">hacer deporte</word>
      <word id="d22aa53298915812ebc38fb623c5c2e6" number_of_missing_letters="1" audio_id="428183120848">ir al cine</word>
      <word id="8b6e2ddd07250cb0f86e64ec22f8859d" number_of_missing_letters="1" audio_id="285101096740">ir al zoo</word>
      <word id="449f96fc2068ac7bf613613effd8a63a" number_of_missing_letters="1" audio_id="916198186432">ir de compras</word>
      <word id="198b12081b8da018d4f13b01d5772f16" number_of_missing_letters="1" audio_id="235102106948">jugar al fútbol</word>
      <word id="9c08a1e4036f67a4a040165a6084279e" number_of_missing_letters="1" audio_id="848171037413">montar en bici</word>
      <word id="4e3a8213845a1be9ae8e6dc6029298c1" number_of_missing_letters="1" audio_id="345193132821">nadar</word>
      <word id="982f8d689ab6c5a1ef73d0b84fa376be" number_of_missing_letters="1" audio_id="842109370808">nadar en la piscina</word>
      <word id="e0711fe6e61fcdadc19949f5ed4463f9" number_of_missing_letters="1" audio_id="158157563162">navegar por internet</word>
      <word id="9b20b88720e40d9307faf1b2ead49865" number_of_missing_letters="1" audio_id="590156172981">pasear</word>
      <word id="f2c781cfc30682136bf3aa25e5532e20" number_of_missing_letters="1" audio_id="289185864721">salir</word>
      <word id="e7fda2588e132cf0a790e1437d2d5458" number_of_missing_letters="1" audio_id="390163616763">salir con los amigos</word>
      <word id="4e12757fb9a376dc9bf5d7d495f4e59e" number_of_missing_letters="1" audio_id="310172756439">tocar el piano</word>
      <word id="af2cfbc089a6487f32ed0f3b8db749f3" number_of_missing_letters="1" audio_id="607170614596">ver la tele</word>
      <word id="bd16c9a04d04a7ea4aa71cfdd4579710" number_of_missing_letters="1" audio_id="162109301629">visitar</word>
   </words>
</activity>
