<?xml version="1.0" ?>
<activity id="454163067163" type="pronunciation" l2="es" l1="ar" version="1" n_voices="4">
   <course_name>spanish</course_name>
   <title_prefix>نُطْق</title_prefix>
   <title>Vocabulario general</title>
   <theme>Vocabulario general</theme>
   <description>استمع ثم كرِّر.</description>
   <words>
      <word id="adee2fcdf23d13b990c97026d7ad1fb9" audio_id="792162848653">encender</word>
      <word id="3f8916acca8ce0d8a98e2b310729d7d2" audio_id="108179212789">equivocarse</word>
      <word id="b2da5c475ca7545a7a2528b4c0b9f5d6" audio_id="984150596218">gripe</word>
      <word id="5447433504067c41a6f295b3ae6e9fe7" audio_id="806134519464">subir</word>
      <word id="f10c3977eafe0670a97f22d21369c3c4" audio_id="872102475365">suspender</word>
      <word id="a993ec927aca7c9875f7c99e7301e798" audio_id="134105474692">todavía</word>
   </words>
</activity>
