<?xml version="1.0" ?>
<activity id="942158624647" type="spelling" l2="es" l1="ar" version="1" n_voices="4">
   <course_name>spanish</course_name>
   <title_prefix>هجاء الكلمات</title_prefix>
   <title>Vocabulario general</title>
   <theme>Vocabulario general</theme>
   <description>استمع ثم اكتب الكلمة.</description>
   <words>
      <word id="e96a9e78faebbda0b57abe96e395b7de" audio_id="954165348657">cenar</word>
      <word id="88e6ee3bcbe29bd8651c9a3431e90401" audio_id="929195045042">chico</word>
      <word id="9ef1119d5bd3a75ba9e499142e80e41c" audio_id="134185180921">comer</word>
      <word id="0b87bc63db8a236822811eeffe15e2d2" audio_id="285147197630">conocer</word>
      <word id="2d9a1e36e9dc13df3dd0264b7792bb3e" audio_id="914136746214">desayunar</word>
      <word id="b7099427f8a48757e16eb7c77acfefe8" audio_id="137127512827">ducharse</word>
      <word id="48121fa5f81dc134217070ec795b5416" audio_id="634165308529">enseñar</word>
      <word id="24374217d155133671c21741dcf27266" audio_id="492103819519">entrenar</word>
      <word id="d5f5d209355db6ec4f66ac0a2cc744d3" audio_id="925131982345">examen</word>
      <word id="cf0369b4e7f99dcfdd047ce07c5ee5a8" audio_id="745160156381">faraón</word>
      <word id="5ad5cf239b3e60c66e3a56a97c9c2fe0" audio_id="160147209206">fiesta</word>
      <word id="af70e90c901df809cbb503a3f79bf7a0" audio_id="847169073142">ganar</word>
      <word id="b2b15436f553bd7c21223f66d730ad73" audio_id="472170983758">genial</word>
      <word id="d6766f0170e97192077fee75ad25dff7" audio_id="520169039865">hablar por teléfono</word>
      <word id="0e65f773b3703847beb2b85ec7f03267" audio_id="718194191765">jugar</word>
      <word id="e47f81f413472393fdc3d0ec335475e8" audio_id="746151054124">jugar al ordenador</word>
      <word id="5db96a7a92eddaabcb934324c2d9e729" audio_id="498186539034">lavarse los dientes</word>
      <word id="da6d02269492d19048c0c8a34843ef0c" audio_id="824182739175">llegar</word>
      <word id="082980d01d3728229b272381b9c5fe5b" audio_id="346129510783">mejorar</word>
      <word id="1f8fe1c7fc1d0a8611bf54d0d656c14a" audio_id="712151253758">mercado</word>
      <word id="d70066d2c4455df8d011193733c2cc52" audio_id="219181328354">monumento</word>
      <word id="013470e4fdbe4088b59c5cda8c82bbc1" audio_id="732173828126">partido</word>
      <word id="7e39e5f82800d7e910f6a410d485b142" audio_id="807196761696">pirámide</word>
      <word id="688f2a71b5e7e66c3f5ed30f307645fd" audio_id="169107078470">probar</word>
      <word id="193da18310c874905f07c2d2fe60a92e" audio_id="659192835793">regalo</word>
      <word id="c5491c9b1cf38610ea8c3e489551bb2a" audio_id="609191253531">restaurar</word>
      <word id="63a8320649ea002831382b7546dc13f5" audio_id="607170614596">ver la tele</word>
      <word id="8317e619e13c3001c296c02817aa7841" audio_id="162109301629">visitar</word>
   </words>
</activity>
