<?xml version="1.0" ?>
<activity id="496163075950" type="matching" l2="es" l1="ar" version="1" n_voices="4">
   <course_name>spanish</course_name>
   <title_prefix>مُطابَقة الكلمات</title_prefix>
   <title>Salud y emociones</title>
   <theme>Salud y emociones</theme>
   <description>اختر المعنى الصحيح.</description>
   <words>
      <word id="57a18a7c02d30143629656f707574eea" source="doler" target="يُؤلِم" part_of_speech="verbo" audio_id="197129862371"/>
      <word id="e7682f5add960faee21cad4cf4ff08ec" source="fumar" target="يُدخِّن" part_of_speech="verbo" audio_id="508171768034"/>
      <word id="ba0d70621ede32762568328210a3a694" source="parecer" target="يبدو" part_of_speech="verbo" audio_id="693121515341"/>
      <word id="04c5e5e2a88b284235c0ef9f5b920b35" source="respirar" target="يتنفَّس" part_of_speech="verbo" audio_id="957150864510"/>
      <word id="1871cb45494d8bc52c4d6cea3997281e" source="respirar hondo" target="يأخذ نفسًا عميقًا" part_of_speech="locución verba" audio_id="657136898321"/>
      <word id="81f414b1fcb43e321f887dfe0a025f10" source="sacar" target="يُخرِج" part_of_speech="verbo" audio_id="592135806414"/>
      <word id="a74ed76ca4df4302717d44d97b615910" source="saltar" target="يقفز" part_of_speech="verbo" audio_id="305146059548"/>
   </words>
</activity>
