<?xml version="1.0" ?>
<activity id="815152472682" type="spelling" l2="es" l1="ar" version="1" n_voices="4">
   <course_name>spanish</course_name>
   <title_prefix>هجاء الكلمات</title_prefix>
   <title>Vocabulario general</title>
   <theme>Vocabulario general</theme>
   <description>استمع ثم اكتب الكلمة.</description>
   <words>
      <word id="de680d003035baa6e37ad14f28ca3ebf" audio_id="683150687871">bueno</word>
      <word id="9b8b6463c2d309b1d3b2cc81d4a566cd" audio_id="958162108161">dentro</word>
      <word id="c034c6e1706e2403fb1c5efe0c97df94" audio_id="248194106804">divertido</word>
      <word id="7a674218e7cc62b377f43b679894a172" audio_id="510190363143">guía turístico</word>
      <word id="dd870647fc2d60f6dd934a9280240a93" audio_id="682142679317">hacer</word>
      <word id="20a5eabf745ca7523b383b5ac967cb79" audio_id="972131876596">helado</word>
      <word id="20b1af381b19ac10e9f4c0851a9543fa" audio_id="929120528387">presentador de televisión</word>
      <word id="6c758dab78c39d7397670cc8a69cd79d" audio_id="834145617163">vacaciones</word>
      <word id="591cdb6068cc0c9cf03f1432f57eebd0" audio_id="906187839457">vecino</word>
      <word id="dd0ef5dd12fa8ede618fb2056b718091" audio_id="512194585296">visita</word>
      <word id="5a2c911ebe7d23c923f71c7e1aa09b72" audio_id="642154354978">zumo de fruta</word>
   </words>
</activity>
