<?xml version="1.0" ?>
<activity id="395181746706" type="missing_letters" l2="es" l1="ar" version="1" n_voices="4">
   <course_name>spanish</course_name>
   <title_prefix>حروف ناقصة</title_prefix>
   <title>Vocabulario general</title>
   <theme>Vocabulario general</theme>
   <description>استمع ثم اكتب الحروف الناقصة.</description>
   <words>
      <word id="d7a07762039322112873f840d2addaff" number_of_missing_letters="1" audio_id="328123453584">despacio</word>
      <word id="6edde7ab02fb63ff0650421901b0c2ca" number_of_missing_letters="1" audio_id="417132864671">manta</word>
      <word id="7d48f92fb5edfc695128ea6e0b27686d" number_of_missing_letters="1" audio_id="936101957204">paciente</word>
      <word id="749fa4d2cea7a6ddc7b2a0b620f7bb8b" number_of_missing_letters="1" audio_id="514194623213">termómetro</word>
   </words>
</activity>
