<?xml version="1.0" ?>
<activity id="510165909796" type="spelling" l2="es" l1="ar" version="1" n_voices="4">
   <course_name>spanish</course_name>
   <title_prefix>هجاء الكلمات</title_prefix>
   <title>Salud y emociones</title>
   <theme>Salud y emociones</theme>
   <description>استمع ثم اكتب الكلمة.</description>
   <words>
      <word id="010236ec34c84a6a8bce6cb95124213a" audio_id="197129862371">doler</word>
      <word id="4c164fa35d44a14617393954b05898e7" audio_id="508171768034">fumar</word>
      <word id="c90f75e18a4f864f7ba4bc5344760618" audio_id="693121515341">parecer</word>
      <word id="67b1351d5931441f985d885a5e932372" audio_id="957150864510">respirar</word>
      <word id="61203fd858a46990d1c6c858243bf5ad" audio_id="657136898321">respirar hondo</word>
      <word id="bc7a4a7d0842a89193f841b084eda7f9" audio_id="592135806414">sacar</word>
      <word id="e821fd81a2918257602f39c03cb036b4" audio_id="305146059548">saltar</word>
   </words>
</activity>
