<?xml version="1.0" ?>
<activity id="465156506369" type="matching" l2="es" l1="ar" version="1" n_voices="4">
   <course_name>spanish</course_name>
   <title_prefix>مُطابَقة الكلمات</title_prefix>
   <title>Vocabulario general</title>
   <theme>Vocabulario general</theme>
   <description>اختر المعنى الصحيح.</description>
   <words>
      <word id="79b000fbb78501ed751ac24958a025ce" source="encender" target="يُضيء" part_of_speech="verbo" audio_id="792162848653"/>
      <word id="b48336aa8bd4643d64dcdf1ac142f602" source="equivocarse" target="يُخطِئ" part_of_speech="verbo" audio_id="108179212789"/>
      <word id="6fe770181c41beaab2feb9c04105e20d" source="gripe" target="إنفلونزا" part_of_speech="sustantivo" audio_id="984150596218"/>
      <word id="e7dfc397981dc91073bb988336122700" source="la gripe" target="الإنفلونزا" part_of_speech="sustantivo" audio_id="387123787975"/>
      <word id="f391ef7968e7be7ca1480d3d0b93efd0" source="subir" target="يصعد/يرفع" part_of_speech="verbo" audio_id="806134519464"/>
      <word id="2fd7ab7509b80b65c2c847fb473c4e00" source="suspender" target="يرسُب" part_of_speech="verbo" audio_id="872102475365"/>
      <word id="deb7cb44b86969b5997e817b2308c35f" source="todavía" target="حتى الآن" part_of_speech="adverbio" audio_id="134105474692"/>
   </words>
</activity>
