<?xml version="1.0" ?>
<activity id="594193687927" type="spelling" l2="es" l1="ar" version="1" n_voices="4">
   <course_name>spanish</course_name>
   <title_prefix>هجاء الكلمات</title_prefix>
   <title>Vocabulario general</title>
   <theme>Vocabulario general</theme>
   <description>استمع ثم اكتب الكلمة.</description>
   <words>
      <word id="85f94558622ed8ec5e8935fe691b55d1" audio_id="135102023737">dar</word>
      <word id="eb5aef797abcc2f71fe5508a7c233226" audio_id="198123275949">durar</word>
      <word id="bebcb6a3b70d3155d262ce0d202a7c90" audio_id="163137249109">encantar</word>
      <word id="119bd8edb380bbc331b38b11a80bb5ea" audio_id="204159570937">entrar</word>
      <word id="7bfd8cdbe82e33ca188cdfeb95d387dc" audio_id="970148383834">estudio de televisión</word>
      <word id="f944415c5b0650c82285e426fd84716a" audio_id="472170983758">genial</word>
      <word id="ec29c51789325c6a947ee4856f87b70f" audio_id="986105104395">interesante</word>
      <word id="5f3f8f52f3bd782d29aa6795815cf5d4" audio_id="580171965619">karaoke</word>
      <word id="a3a0eb99fa2719c4c562886105783abb" audio_id="869146151791">novela</word>
      <word id="2653782b5b95604b641403c866b21829" audio_id="240151829651">pasar miedo</word>
      <word id="81323ebffd52a660ef4d079240c2941b" audio_id="325156219467">película de acción</word>
      <word id="f0fb5562c3a982b9de441c704024dee2" audio_id="272154135317">puerta</word>
      <word id="20d93e896abe7d9462aa9be9ddc7dae9" audio_id="153191701465">ver</word>
   </words>
</activity>
