<?xml version="1.0" ?>
<activity id="270196451936" type="pronunciation" l2="es" l1="ar" version="1" n_voices="4">
   <course_name>spanish</course_name>
   <title_prefix>نُطْق</title_prefix>
   <title>Salud y emociones</title>
   <theme>Salud y emociones</theme>
   <description>استمع ثم كرِّر.</description>
   <words>
      <word id="9b6717c599fc839ba8caa01608158a96" audio_id="197129862371">doler</word>
      <word id="656a3270be05db4e1d1a1fa57f0f6c0c" audio_id="508171768034">fumar</word>
      <word id="6bd9b9cdbe27bf017179ae608a65b8bd" audio_id="693121515341">parecer</word>
      <word id="da1415e28f8ce0496c7cc112f4b3570c" audio_id="957150864510">respirar</word>
      <word id="0b2a500d24acd32654546e716a4f2149" audio_id="657136898321">respirar hondo</word>
      <word id="8f00127062ab41d6e4d8e521e9c15046" audio_id="592135806414">sacar</word>
      <word id="21c3b5ccef4a17f2751b4ee4ebe92fb6" audio_id="305146059548">saltar</word>
   </words>
</activity>
