<?xml version="1.0" ?>
<activity id="324162435465" type="pronunciation" l2="es" l1="ar" version="1" n_voices="4">
   <course_name>spanish</course_name>
   <title_prefix>نُطْق</title_prefix>
   <title>Vocabulario general</title>
   <theme>Vocabulario general</theme>
   <description>استمع ثم كرِّر.</description>
   <words>
      <word id="0b94e006ce74970977fad5e5969afc74" audio_id="328123453584">despacio</word>
      <word id="3e3814bbcd6cbfb35e17654c575e49c4" audio_id="417132864671">manta</word>
      <word id="21f9edbb9668dfa455316118ec96c24a" audio_id="936101957204">paciente</word>
      <word id="293c189805ea6626294c1b03ef617982" audio_id="514194623213">termómetro</word>
   </words>
</activity>
